레벨,화면번호,곡,카테고리,존,존번호,출처
S1,2,빌려온 고양이,KPOP,PHOENIX 2,3,실제
S1,3,404 (뉴 에라),KPOP,PHOENIX 2,5,실제
S1,4,비행기,KPOP,PHOENIX,2,실제
S1,5,날아올라,KPOP,XX,4,실제
S1,6,유 앤 아이,KPOP,XX,5,실제
S1,7,스타드림 (feat. Romelon),ORIGINAL,XX,39,실제
S1,8,설탕음모론,ORIGINAL,PRIME,25,실제
S1,9,유 어게인 마이 러브,ORIGINAL,PRIME,33,실제
S1,10,여래아,ORIGINAL,FIESTA~FIESTA 2,14,실제
S1,11,위 갓 투 노우,ORIGINAL,FIESTA~FIESTA 2,27,실제
S1,12,케이.오.에이 : 엘리스 인 원더월드,ORIGINAL,NX~NXA,6,실제
S1,13,사랑가,ORIGINAL,1st~ZERO,65,실제
S1,14,라라,WORLDMUSIC,XX,75,실제
S1,15,아마이 유우와쿠 데인저러스,JMUSIC,PRIME,62,실제
S1,16,미토츠다이라,JMUSIC,PRIME,66,실제
S1,17,배드 애플!! feat. Nomico,JMUSIC,PRIME,68,실제
S1,18,레이디버그,WORLDMUSIC,FIESTA~FIESTA 2,92,실제
S1,19,키티 캣,WORLDMUSIC,FIESTA~FIESTA 2,93,실제
S2,2,고민중독,KPOP,PHOENIX 2,2,실제
S2,3,뱅 뱅,KPOP,PHOENIX 2,4,실제
S2,4,스톰,KPOP,PHOENIX,1,실제
S2,5,풀 문,KPOP,XX,2,실제
S2,6,타이밍,KPOP,XX,3,실제
S2,7,트로피카닉,ORIGINAL,XX,49,실제
S2,8,사라반드,ORIGINAL,PRIME 2,16,실제
S2,9,HTTP,ORIGINAL,PRIME 2,26,실제
S2,10,블레이즈 이모션 (Band version),ORIGINAL,PRIME,23,실제
S2,11,엑스트리,ORIGINAL,FIESTA~FIESTA 2,43,실제
S2,12,유 갓 투 노우,ORIGINAL,FIESTA~FIESTA 2,46,실제
S2,13,펌핑 점핑,ORIGINAL,FIESTA~FIESTA 2,58,실제
S2,14,테프리스,ORIGINAL,FIESTA~FIESTA 2,81,실제
S2,15,블레이즈 이모션,ORIGINAL,NX~NXA,1,실제
S2,16,히글디 피글디,ORIGINAL,NX~NXA,25,실제
S2,17,위치 닥터 #1,ORIGINAL,NX~NXA,29,실제
S2,18,아크 오브 다크니스,ORIGINAL,NX~NXA,30,실제
S2,19,팬텀,ORIGINAL,1st~ZERO,9,실제
S2,20,파이널 오디션 3,ORIGINAL,1st~ZERO,22,실제
S2,21,윌 오 더 위스프,ORIGINAL,1st~ZERO,45,실제
S2,22,셋 미 업,ORIGINAL,1st~ZERO,50,실제
S2,23,댄스 위드 미,ORIGINAL,1st~ZERO,51,실제
S2,24,무혼,ORIGINAL,1st~ZERO,66,실제
S2,25,파이널 오디션,ORIGINAL,1st~ZERO,79,실제
S2,26,알테일,WORLDMUSIC,PHOENIX,98,실제
S2,27,라이프 이즈 피아노,WORLDMUSIC,XX,83,실제
S2,28,아이디얼라이즈드 로맨스,JMUSIC,PRIME,71,실제
S2,29,팝 더 트랙,WORLDMUSIC,FIESTA~FIESTA 2,85,실제
S2,30,오벨리스크,XROSS,XX,96,실제
S3,2,빌려온 고양이,KPOP,PHOENIX 2,3,실제
S3,3,404 (뉴 에라),KPOP,PHOENIX 2,5,실제
S3,4,비행기,KPOP,PHOENIX,2,실제
S3,5,노스텔지어,KPOP,PHOENIX,3,실제
S3,6,조깅,KPOP,XX,1,실제
S3,7,날아올라,KPOP,XX,4,실제
S3,8,체이스 미,KPOP,PRIME 2,1,실제
S3,9,굿 나이트,KPOP,PRIME 2,2,실제
S3,10,사월의 축제,ORIGINAL,PHOENIX,4,실제
S3,11,유포리아닉,ORIGINAL,PHOENIX,17,실제
S3,12,라크리모사,ORIGINAL,PHOENIX,31,실제
S3,13,요! 세이!! 페어리!!!,ORIGINAL,PHOENIX,37,실제
S3,14,블루이쉬 로즈,ORIGINAL,PHOENIX,40,실제
S3,15,스위트로닉,ORIGINAL,XX,9,실제
S3,16,트란사칼리아,ORIGINAL,XX,11,실제
S3,17,아이 원트 유,ORIGINAL,XX,14,실제
S3,18,퍼센트 엑스,ORIGINAL,XX,23,실제
S3,19,포세이돈,ORIGINAL,XX,29,실제
S3,20,아드레날린 블래스터,ORIGINAL,XX,30,실제
S3,21,스타드림 (feat. Romelon),ORIGINAL,XX,39,실제
S3,22,디 엔드 오브 더 월드 ft. Skizzo,ORIGINAL,XX,43,실제
S3,23,포가튼 뱀파이어,ORIGINAL,XX,44,실제
S3,24,더 레버리,ORIGINAL,XX,47,실제
S3,25,라스트 리버스,ORIGINAL,PRIME 2,4,실제
S3,26,앵귀시드 언메이킹,ORIGINAL,PRIME 2,22,실제
S3,27,헤이 유,ORIGINAL,PRIME 2,24,실제
S3,28,업 앤 업 (Produced by AWAL),ORIGINAL,PRIME 2,27,실제
S3,29,트래블 투 퓨처,ORIGINAL,PRIME 2,28,실제
S3,30,라티노 바이러스,ORIGINAL,PRIME,3,실제
S3,31,메테오라이즈,ORIGINAL,PRIME,13,실제
S3,32,리무버블 디스코,ORIGINAL,PRIME,18,실제
S3,33,설탕음모론,ORIGINAL,PRIME,25,실제
S3,34,무브 댓 바디!,ORIGINAL,PRIME,28,실제
S3,35,스콜피온 킹,ORIGINAL,PRIME,29,실제
S3,36,유 어게인 마이 러브,ORIGINAL,PRIME,33,실제
S3,37,모멘트 데이,ORIGINAL,PRIME,36,실제
S3,38,유니크,ORIGINAL,FIESTA~FIESTA 2,6,실제
S3,39,유 갓 미 락킹,ORIGINAL,FIESTA~FIESTA 2,9,실제
S3,40,여래아,ORIGINAL,FIESTA~FIESTA 2,14,실제
S3,41,네이티브,ORIGINAL,FIESTA~FIESTA 2,30,실제
S3,42,야근,ORIGINAL,FIESTA~FIESTA 2,38,실제
S3,43,파반느,ORIGINAL,FIESTA~FIESTA 2,39,실제
S3,44,팬텀 -인터메조-,ORIGINAL,FIESTA~FIESTA 2,56,실제
S3,45,블레이즈 이모션,ORIGINAL,NX~NXA,1,실제
S3,46,사람들은 몰랐다네,ORIGINAL,NX~NXA,4,실제
S3,47,케이.오.에이 : 엘리스 인 원더월드,ORIGINAL,NX~NXA,6,실제
S3,48,파이널 오디션 에피소드 2-X,ORIGINAL,NX~NXA,9,실제
S3,49,펌트리스 8비트 ver.,ORIGINAL,NX~NXA,16,실제
S3,50,펌트리스 꽈뜨로,ORIGINAL,NX~NXA,23,실제
S3,51,기타 맨,ORIGINAL,NX~NXA,24,실제
S3,52,사랑가 2006,ORIGINAL,NX~NXA,32,실제
S3,53,미운 오리 새끼,ORIGINAL,NX~NXA,36,실제
S3,54,파이널 오디션 에피소드 2-1,ORIGINAL,NX~NXA,37,실제
S3,55,제이 봉,ORIGINAL,1st~ZERO,14,실제
S3,56,캐논 디,ORIGINAL,1st~ZERO,17,실제
S3,57,펌프 미 아마데우스,ORIGINAL,1st~ZERO,26,실제
S3,58,비트 오브 더 워,ORIGINAL,1st~ZERO,32,실제
S3,59,닥터 엠,ORIGINAL,1st~ZERO,34,실제
S3,60,엠페러,ORIGINAL,1st~ZERO,35,실제
S3,61,포인트 브레이크,ORIGINAL,1st~ZERO,41,실제
S3,62,틸 디 엔드 오브 타임,ORIGINAL,1st~ZERO,46,실제
S3,63,부크,ORIGINAL,1st~ZERO,52,실제
S3,64,롤링 크리스마스,ORIGINAL,1st~ZERO,60,실제
S3,65,올 아이 원트 포 크리스마스,ORIGINAL,1st~ZERO,61,실제
S3,66,미스터 라푸스,ORIGINAL,1st~ZERO,67,실제
S3,67,터키 행진곡,ORIGINAL,1st~ZERO,70,실제
S3,68,악몽,ORIGINAL,1st~ZERO,73,실제
S3,69,에모모모,WORLDMUSIC,PHOENIX,103,실제
S3,70,슬랩스틱 파르페,WORLDMUSIC,XX,65,실제
S3,71,라라,WORLDMUSIC,XX,75,실제
S3,72,브레인 파워,WORLDMUSIC,XX,82,실제
S3,73,허쉬,WORLDMUSIC,PRIME 2,43,실제
S3,74,셀피쉬니스,WORLDMUSIC,PRIME,51,실제
S3,75,아마이 유우와쿠 데인저러스,JMUSIC,PRIME,62,실제
S3,76,요로피쿠 피쿠요로!,JMUSIC,PRIME,63,실제
S3,77,배드 애플!! feat. Nomico,JMUSIC,PRIME,68,실제
S3,78,모노리스,WORLDMUSIC,FIESTA~FIESTA 2,91,실제
S3,79,레이디버그,WORLDMUSIC,FIESTA~FIESTA 2,92,실제
S3,80,키티 캣,WORLDMUSIC,FIESTA~FIESTA 2,93,실제
S3,81,슈샤,WORLDMUSIC,FIESTA~FIESTA 2,97,실제
S3,82,스타 커맨드,WORLDMUSIC,FIESTA~FIESTA 2,98,실제
S3,83,왓 해픈드,WORLDMUSIC,FIESTA~FIESTA 2,99,실제
S3,84,엑스 레이브,WORLDMUSIC,FIESTA~FIESTA 2,102,실제
S3,85,스멜스 라이크 어 초콜릿,WORLDMUSIC,FIESTA~FIESTA 2,103,실제
S3,86,스위트 원더랜드,XROSS,PHOENIX,132,실제
S3,87,싸이클링!,XROSS,XX,99,실제
S3,88,하우스플랜,XROSS,XX,108,실제
S3,89,크로스 타임,XROSS,PRIME 2,48,실제
S3,90,사월,XROSS,PRIME 2,58,실제
S3,91,크리스마스의 기억,XROSS,PRIME 2,60,실제
S4,2,고민중독,KPOP,PHOENIX 2,2,실제
S4,3,뱅 뱅,KPOP,PHOENIX 2,4,실제
S4,4,스톰,KPOP,PHOENIX,1,실제
S4,5,풀 문,KPOP,XX,2,실제
S4,6,타이밍,KPOP,XX,3,실제
S4,7,유 앤 아이,KPOP,XX,5,실제
S4,8,디그니티,KPOP,1st~ZERO,2,실제
S4,9,또다른 진심,KPOP,1st~ZERO,4,실제
S4,10,응징 레스토랑,ORIGINAL,PHOENIX 2,9,실제
S4,11,하이웨이 체이서,ORIGINAL,PHOENIX,6,실제
S4,12,이터널 유니버스,ORIGINAL,PHOENIX,7,실제
S4,13,얼티밋 아이즈,ORIGINAL,PHOENIX,10,실제
S4,14,냥-턴 (feat. KuTiNA),ORIGINAL,PHOENIX,11,실제
S4,15,더 아포칼립스,ORIGINAL,PHOENIX,14,실제
S4,16,추격,ORIGINAL,PHOENIX,26,실제
S4,17,"사이먼 세이즈, 유로댄스!! (feat. Sara☆M)",ORIGINAL,PHOENIX,35,실제
S4,18,소닉 붐,ORIGINAL,PHOENIX,48,실제
S4,19,에렌델,ORIGINAL,PHOENIX,60,실제
S4,20,아테나의 방패,ORIGINAL,PHOENIX,62,실제
S4,21,위더 가든,ORIGINAL,PHOENIX,64,실제
S4,22,웨딩 크래셔,ORIGINAL,XX,8,실제
S4,23,슈가 플럼,ORIGINAL,XX,16,실제
S4,24,마카롱 데이,ORIGINAL,XX,27,실제
S4,25,아이스 오브 데스,ORIGINAL,XX,28,실제
S4,26,오르비트 스테빌라이저,ORIGINAL,XX,34,실제
S4,27,탄탄멘,ORIGINAL,XX,38,실제
S4,28,아마겟돈,ORIGINAL,XX,45,실제
S4,29,시그너스,ORIGINAL,XX,48,실제
S4,30,트로피카닉,ORIGINAL,XX,49,실제
S4,31,슈퍼 카프리시오,ORIGINAL,PRIME 2,5,실제
S4,32,갓 모드 feat. skizzo,ORIGINAL,PRIME 2,9,실제
S4,33,브레이크 아웃,ORIGINAL,PRIME 2,15,실제
S4,34,사라반드,ORIGINAL,PRIME 2,16,실제
S4,35,가장신자,ORIGINAL,PRIME 2,17,실제
S4,36,아르카나 포스,ORIGINAL,PRIME 2,20,실제
S4,37,트위스트 오브 페이트 (feat. Ruriling),ORIGINAL,PRIME 2,25,실제
S4,38,HTTP,ORIGINAL,PRIME 2,26,실제
S4,39,레이브 언틸 디 어스 엔드,ORIGINAL,PRIME 2,29,실제
S4,40,네메시스,ORIGINAL,PRIME,1,실제
S4,41,엘리시움,ORIGINAL,PRIME,4,실제
S4,42,실루엣 이펙트,ORIGINAL,PRIME,6,실제
S4,43,차이니즈 레스토랑,ORIGINAL,PRIME,7,실제
S4,44,아발란치,ORIGINAL,PRIME,8,실제
S4,45,레퀴엠,ORIGINAL,PRIME,10,실제
S4,46,유 갓 미 크레이지,ORIGINAL,PRIME,11,실제
S4,47,B2,ORIGINAL,PRIME,12,실제
S4,48,헤스티아,ORIGINAL,PRIME,15,실제
S4,49,암피트리온,ORIGINAL,PRIME,16,실제
S4,50,슈퍼 판타지,ORIGINAL,PRIME,19,실제
S4,51,바이올렛 퍼퓸,ORIGINAL,PRIME,20,실제
S4,52,레드 스완,ORIGINAL,PRIME,21,실제
S4,53,알레그로 피유 모쏘,ORIGINAL,PRIME,26,실제
S4,54,캄파넬라,ORIGINAL,PRIME,32,실제
S4,55,레미니센스,ORIGINAL,PRIME,35,실제
S4,56,엘리제,ORIGINAL,FIESTA~FIESTA 2,1,실제
S4,57,엑시던트,ORIGINAL,FIESTA~FIESTA 2,7,실제
S4,58,디,ORIGINAL,FIESTA~FIESTA 2,8,실제
S4,59,루시드(PIU Edit),ORIGINAL,FIESTA~FIESTA 2,10,실제
S4,60,팔로우 미,ORIGINAL,FIESTA~FIESTA 2,13,실제
S4,61,클리너,ORIGINAL,FIESTA~FIESTA 2,21,실제
S4,62,리얼리티,ORIGINAL,FIESTA~FIESTA 2,23,실제
S4,63,테이크 아웃,ORIGINAL,FIESTA~FIESTA 2,24,실제
S4,64,버터플라이,ORIGINAL,FIESTA~FIESTA 2,25,실제
S4,65,오버블로우,ORIGINAL,FIESTA~FIESTA 2,26,실제
S4,66,헝가리 무곡 V,ORIGINAL,FIESTA~FIESTA 2,28,실제
S4,67,마왕,ORIGINAL,FIESTA~FIESTA 2,29,실제
S4,68,조나단의 꿈,ORIGINAL,FIESTA~FIESTA 2,42,실제
S4,69,소서리스 엘리제,ORIGINAL,FIESTA~FIESTA 2,44,실제
S4,70,사랑가 -2막-,ORIGINAL,FIESTA~FIESTA 2,45,실제
S4,71,데스티네이션,ORIGINAL,FIESTA~FIESTA 2,47,실제
S4,72,제네시스,ORIGINAL,FIESTA~FIESTA 2,50,실제
S4,73,테크 -클럽 코펜하겐-,ORIGINAL,FIESTA~FIESTA 2,52,실제
S4,74,안녕 윌리엄,ORIGINAL,FIESTA~FIESTA 2,53,실제
S4,75,터키 행진곡 -미니멀튠즈-,ORIGINAL,FIESTA~FIESTA 2,54,실제
S4,76,겟 업 (앤 고),ORIGINAL,FIESTA~FIESTA 2,55,실제
S4,77,펌핑 점핑,ORIGINAL,FIESTA~FIESTA 2,58,실제
S4,78,테프리스,ORIGINAL,FIESTA~FIESTA 2,81,실제
S4,79,캐논 X.1,ORIGINAL,NX~NXA,2,실제
S4,80,디제이 오타다,ORIGINAL,NX~NXA,5,실제
S4,81,마이 드림즈,ORIGINAL,NX~NXA,7,실제
S4,82,토카타,ORIGINAL,NX~NXA,8,실제
S4,83,비트 더 고스트,ORIGINAL,NX~NXA,18,실제
S4,84,카프리스 오브 오타다,ORIGINAL,NX~NXA,19,실제
S4,85,몽키 핑거즈 2,ORIGINAL,NX~NXA,21,실제
S4,86,패스터 Z,ORIGINAL,NX~NXA,22,실제
S4,87,키메라,ORIGINAL,NX~NXA,31,실제
S4,88,두 유 노우 댓-올드 스쿨,ORIGINAL,NX~NXA,33,실제
S4,89,투우사의 노래,ORIGINAL,NX~NXA,35,실제
S4,90,파이널 오디션 에피소드 2-1,ORIGINAL,NX~NXA,37,실제
S4,91,비트 오브 더 워 2,ORIGINAL,1st~ZERO,5,실제
S4,92,월광,ORIGINAL,1st~ZERO,6,실제
S4,93,위치 닥터,ORIGINAL,1st~ZERO,7,실제
S4,94,러브 이즈 어 데인저 존 pt.2,ORIGINAL,1st~ZERO,8,실제
S4,95,파파 곤잘레스,ORIGINAL,1st~ZERO,10,실제
S4,96,점프,ORIGINAL,1st~ZERO,11,실제
S4,97,무혼 2,ORIGINAL,1st~ZERO,16,실제
S4,98,몽키 핑거즈,ORIGINAL,1st~ZERO,24,실제
S4,99,블레이징,ORIGINAL,1st~ZERO,25,실제
S4,100,컴 투 미,ORIGINAL,1st~ZERO,33,실제
S4,101,겟 유어 그루브 온,ORIGINAL,1st~ZERO,36,실제
S4,102,러브 이즈 어 데인저 존,ORIGINAL,1st~ZERO,37,실제
S4,103,마이웨이,ORIGINAL,1st~ZERO,40,실제
S4,104,탑 시티,ORIGINAL,1st~ZERO,43,실제
S4,105,윈터,ORIGINAL,1st~ZERO,44,실제
S4,106,틸 디 엔드 오브 타임,ORIGINAL,1st~ZERO,46,실제
S4,107,오이 오이 오이,ORIGINAL,1st~ZERO,47,실제
S4,108,위 윌 밋 어게인,ORIGINAL,1st~ZERO,48,실제
S4,109,셋 미 업,ORIGINAL,1st~ZERO,50,실제
S4,110,댄스 위드 미,ORIGINAL,1st~ZERO,51,실제
S4,111,우편마차,ORIGINAL,1st~ZERO,53,실제
S4,112,치킨 윙,ORIGINAL,1st~ZERO,54,실제
S4,113,파이널 오디션 에피소드 1,ORIGINAL,1st~ZERO,56,실제
S4,114,베토벤 바이러스,ORIGINAL,1st~ZERO,62,실제
S4,115,무혼,ORIGINAL,1st~ZERO,66,실제
S4,116,파이널 오디션 2,ORIGINAL,1st~ZERO,68,실제
S4,117,엑스트라바간자,ORIGINAL,1st~ZERO,80,실제
S4,118,퍼페츄얼,WORLDMUSIC,PHOENIX,83,실제
S4,119,갤럭시 컬랩스,WORLDMUSIC,PHOENIX,85,실제
S4,120,굿바운스,WORLDMUSIC,PHOENIX,100,실제
S4,121,플래시 아웃,WORLDMUSIC,PHOENIX,116,실제
S4,122,솔저스 (TANO*C W TEAM RED ANTHEM),WORLDMUSIC,PHOENIX,129,실제
S4,123,호랑풍류가,WORLDMUSIC,PHOENIX,130,실제
S4,124,천년이 지나서,WORLDMUSIC,XX,74,실제
S4,125,라이프 이즈 피아노,WORLDMUSIC,XX,83,실제
S4,126,크로스 레이 (feat. 月下Lia),WORLDMUSIC,XX,87,실제
S4,127,코스미컬 리듬,WORLDMUSIC,PRIME,52,실제
S4,128,마타도르,WORLDMUSIC,PRIME,54,실제
S4,129,필 마이 해피니스,WORLDMUSIC,PRIME,56,실제
S4,130,까랴위사따,WORLDMUSIC,PRIME,59,실제
S4,131,스타더스트 오버드라이브,WORLDMUSIC,PRIME,61,실제
S4,132,임프린팅,JMUSIC,PRIME,64,실제
S4,133,서든 로맨스 [PIU Edit],JMUSIC,PRIME,65,실제
S4,134,미토츠다이라,JMUSIC,PRIME,66,실제
S4,135,스마일 다이어리,JMUSIC,PRIME,67,실제
S4,136,프라임,JMUSIC,PRIME,69,실제
S4,137,퀸 오브 더 레드,JMUSIC,PRIME,70,실제
S4,138,아이디얼라이즈드 로맨스,JMUSIC,PRIME,71,실제
S4,139,저스트 홀드 온 (To All Fighters),JMUSIC,PRIME,72,실제
S4,140,팝 더 트랙,WORLDMUSIC,FIESTA~FIESTA 2,85,실제
S4,141,파사칼리아,WORLDMUSIC,FIESTA~FIESTA 2,86,실제
S4,142,하드코어 오브 더 노스,WORLDMUSIC,FIESTA~FIESTA 2,94,실제
S4,143,트라이브 어택커,WORLDMUSIC,FIESTA~FIESTA 2,95,실제
S4,144,유토피아,WORLDMUSIC,FIESTA~FIESTA 2,96,실제
S4,145,가고일,WORLDMUSIC,FIESTA~FIESTA 2,100,실제
S4,146,네크로맨시,WORLDMUSIC,FIESTA~FIESTA 2,104,실제
S4,147,슈퍼☆하라구로☆팝,XROSS,PHOENIX 2,25,실제
S4,148,오벨리스크,XROSS,XX,96,실제
S4,149,일 더하기 일은 귀요미,XROSS,XX,103,실제
S4,150,히페리온,XROSS,PRIME 2,51,실제
S4,151,블랙 드래곤,XROSS,PRIME 2,52,실제
S4,152,스타트 온 레드,XROSS,PRIME 2,54,실제
S4,153,아스테리오스 -리엔트리-,XROSS,PRIME 2,62,실제
S4,154,클루,XROSS,PRIME 2,68,실제
S5,2,빌려온 고양이,KPOP,PHOENIX 2,3,실제
S5,3,404 (뉴 에라),KPOP,PHOENIX 2,5,실제
S5,4,비행기,KPOP,PHOENIX,2,실제
S5,5,노스텔지어,KPOP,PHOENIX,3,실제
S5,6,조깅,KPOP,XX,1,실제
S5,7,날아올라,KPOP,XX,4,실제
S5,8,체이스 미,KPOP,PRIME 2,1,실제
S5,9,슬램,KPOP,1st~ZERO,3,실제
S5,10,사월의 축제,ORIGINAL,PHOENIX,4,실제
S5,11,유포리아닉,ORIGINAL,PHOENIX,17,실제
S5,12,데몬 오브 라플라스,ORIGINAL,PHOENIX,39,실제
S5,13,블루이쉬 로즈,ORIGINAL,PHOENIX,40,실제
S5,14,스위트로닉,ORIGINAL,XX,9,실제
S5,15,금혼식,ORIGINAL,XX,24,실제
S5,16,아드레날린 블래스터,ORIGINAL,XX,30,실제
S5,17,디 엔드 오브 더 월드 ft. Skizzo,ORIGINAL,XX,43,실제
S5,18,더 레버리,ORIGINAL,XX,47,실제
S5,19,라스트 리버스,ORIGINAL,PRIME 2,4,실제
S5,20,오버블로우2,ORIGINAL,PRIME 2,18,실제
S5,21,앵귀시드 언메이킹,ORIGINAL,PRIME 2,22,실제
S5,22,헤이 유,ORIGINAL,PRIME 2,24,실제
S5,23,업 앤 업 (Produced by AWAL),ORIGINAL,PRIME 2,27,실제
S5,24,메테오라이즈,ORIGINAL,PRIME,13,실제
S5,25,매드 사이언스,ORIGINAL,PRIME,14,실제
S5,26,히아신스,ORIGINAL,PRIME,22,실제
S5,27,무브 댓 바디!,ORIGINAL,PRIME,28,실제
S5,28,스콜피온 킹,ORIGINAL,PRIME,29,실제
S5,29,로그인,ORIGINAL,FIESTA~FIESTA 2,11,실제
S5,30,여래아,ORIGINAL,FIESTA~FIESTA 2,14,실제
S5,31,위 갓 투 노우,ORIGINAL,FIESTA~FIESTA 2,27,실제
S5,32,네이티브,ORIGINAL,FIESTA~FIESTA 2,30,실제
S5,33,테크 -클럽 코펜하겐-,ORIGINAL,FIESTA~FIESTA 2,52,실제
S5,34,사람들은 몰랐다네,ORIGINAL,NX~NXA,4,실제
S5,35,케이.오.에이 : 엘리스 인 원더월드,ORIGINAL,NX~NXA,6,실제
S5,36,파이널 오디션 에피소드 2-X,ORIGINAL,NX~NXA,9,실제
S5,37,펌트리스 8비트 ver.,ORIGINAL,NX~NXA,16,실제
S5,38,아크 오브 다크니스,ORIGINAL,NX~NXA,30,실제
S5,39,건락,ORIGINAL,NX~NXA,34,실제
S5,40,투우사의 노래,ORIGINAL,NX~NXA,35,실제
S5,41,미운 오리 새끼,ORIGINAL,NX~NXA,36,실제
S5,42,비트 오브 더 워 2,ORIGINAL,1st~ZERO,5,실제
S5,43,제이 봉,ORIGINAL,1st~ZERO,14,실제
S5,44,하이 바이,ORIGINAL,1st~ZERO,15,실제
S5,45,파이널 오디션 3,ORIGINAL,1st~ZERO,22,실제
S5,46,엑스트림,ORIGINAL,1st~ZERO,27,실제
S5,47,겟 업!,ORIGINAL,1st~ZERO,28,실제
S5,48,디 갱,ORIGINAL,1st~ZERO,30,실제
S5,49,미션 파서블,ORIGINAL,1st~ZERO,39,실제
S5,50,펌프 점프,ORIGINAL,1st~ZERO,58,실제
S5,51,엔,ORIGINAL,1st~ZERO,59,실제
S5,52,롤링 크리스마스,ORIGINAL,1st~ZERO,60,실제
S5,53,올 아이 원트 포 크리스마스,ORIGINAL,1st~ZERO,61,실제
S5,54,사랑가,ORIGINAL,1st~ZERO,65,실제
S5,55,미스터 라푸스,ORIGINAL,1st~ZERO,67,실제
S5,56,태동,ORIGINAL,1st~ZERO,69,실제
S5,57,님과 함께,ORIGINAL,1st~ZERO,71,실제
S5,58,프리 스타일,ORIGINAL,1st~ZERO,75,실제
S5,59,펌핑업,ORIGINAL,1st~ZERO,78,실제
S5,60,바이너리 스타,WORLDMUSIC,PHOENIX,81,실제
S5,61,얼라이브,WORLDMUSIC,PHOENIX,124,실제
S5,62,팝 시퀀스,WORLDMUSIC,XX,67,실제
S5,63,라라,WORLDMUSIC,XX,75,실제
S5,64,브레인 파워,WORLDMUSIC,XX,82,실제
S5,65,허쉬,WORLDMUSIC,PRIME 2,43,실제
S5,66,요로피쿠 피쿠요로!,JMUSIC,PRIME,63,실제
S5,67,배드 애플!! feat. Nomico,JMUSIC,PRIME,68,실제
S5,68,바로크 바이러스,WORLDMUSIC,FIESTA~FIESTA 2,87,실제
S5,69,모노리스,WORLDMUSIC,FIESTA~FIESTA 2,91,실제
S5,70,레이디버그,WORLDMUSIC,FIESTA~FIESTA 2,92,실제
S5,71,키티 캣,WORLDMUSIC,FIESTA~FIESTA 2,93,실제
S5,72,트라이브 어택커,WORLDMUSIC,FIESTA~FIESTA 2,95,실제
S5,73,스타 커맨드,WORLDMUSIC,FIESTA~FIESTA 2,98,실제
S5,74,알레그로 콘 뿌오코,WORLDMUSIC,FIESTA~FIESTA 2,101,실제
S5,75,스위트 원더랜드,XROSS,PHOENIX,132,실제
S5,76,헬릭스,XROSS,PRIME 2,50,실제
S5,77,비주얼 드림 2 (인 픽션),XROSS,PRIME 2,57,실제
S5,78,크리스마스의 기억,XROSS,PRIME 2,60,실제
S5,79,레드라인,XROSS,PRIME 2,69,실제
S5,80,킬 뎀!,XROSS,PRIME 2,70,실제
S6,2,고민중독,KPOP,PHOENIX 2,2,실제
S6,3,뱅 뱅,KPOP,PHOENIX 2,4,실제
S6,4,스톰,KPOP,PHOENIX,1,실제
S6,5,풀 문,KPOP,XX,2,실제
S6,6,굿 나이트,KPOP,PRIME 2,2,실제
S6,7,디그니티,KPOP,1st~ZERO,2,실제
S6,8,또다른 진심,KPOP,1st~ZERO,4,실제
S6,9,쇼다운,ORIGINAL,PHOENIX,15,실제
S6,10,라크리모사,ORIGINAL,PHOENIX,31,실제
S6,11,요! 세이!! 페어리!!!,ORIGINAL,PHOENIX,37,실제
S6,12,웨딩 크래셔,ORIGINAL,XX,8,실제
S6,13,트란사칼리아,ORIGINAL,XX,11,실제
S6,14,디스트릭트 1,ORIGINAL,XX,15,실제
S6,15,퍼센트 엑스,ORIGINAL,XX,23,실제
S6,16,포세이돈,ORIGINAL,XX,29,실제
S6,17,배니쉬,ORIGINAL,XX,31,실제
S6,18,스타드림 (feat. Romelon),ORIGINAL,XX,39,실제
S6,19,파이어 오브 데스티니,ORIGINAL,XX,42,실제
S6,20,포가튼 뱀파이어,ORIGINAL,XX,44,실제
S6,21,아마겟돈,ORIGINAL,XX,45,실제
S6,22,리펜턴스,ORIGINAL,XX,46,실제
S6,23,알레그로 퓨리오소,ORIGINAL,PRIME 2,21,실제
S6,24,트위스트 오브 페이트 (feat. Ruriling),ORIGINAL,PRIME 2,25,실제
S6,25,유 갓 미 크레이지,ORIGINAL,PRIME,11,실제
S6,26,리무버블 디스코,ORIGINAL,PRIME,18,실제
S6,27,바이올렛 퍼퓸,ORIGINAL,PRIME,20,실제
S6,28,설탕음모론,ORIGINAL,PRIME,25,실제
S6,29,알레그로 피유 모쏘,ORIGINAL,PRIME,26,실제
S6,30,캄파넬라,ORIGINAL,PRIME,32,실제
S6,31,유 어게인 마이 러브,ORIGINAL,PRIME,33,실제
S6,32,모멘트 데이,ORIGINAL,PRIME,36,실제
S6,33,하이퍼큐브,ORIGINAL,PRIME,38,실제
S6,34,라이크 미,ORIGINAL,PRIME,39,실제
S6,35,유니크,ORIGINAL,FIESTA~FIESTA 2,6,실제
S6,36,유 갓 미 락킹,ORIGINAL,FIESTA~FIESTA 2,9,실제
S6,37,팔로우 미,ORIGINAL,FIESTA~FIESTA 2,13,실제
S6,38,리얼리티,ORIGINAL,FIESTA~FIESTA 2,23,실제
S6,39,버터플라이,ORIGINAL,FIESTA~FIESTA 2,25,실제
S6,40,헝가리 무곡 V,ORIGINAL,FIESTA~FIESTA 2,28,실제
S6,41,마왕,ORIGINAL,FIESTA~FIESTA 2,29,실제
S6,42,야근,ORIGINAL,FIESTA~FIESTA 2,38,실제
S6,43,파반느,ORIGINAL,FIESTA~FIESTA 2,39,실제
S6,44,조나단의 꿈,ORIGINAL,FIESTA~FIESTA 2,42,실제
S6,45,소서리스 엘리제,ORIGINAL,FIESTA~FIESTA 2,44,실제
S6,46,사랑가 -2막-,ORIGINAL,FIESTA~FIESTA 2,45,실제
S6,47,안녕 윌리엄,ORIGINAL,FIESTA~FIESTA 2,53,실제
S6,48,터키 행진곡 -미니멀튠즈-,ORIGINAL,FIESTA~FIESTA 2,54,실제
S6,49,펌핑 점핑,ORIGINAL,FIESTA~FIESTA 2,58,실제
S6,50,블레이즈 이모션,ORIGINAL,NX~NXA,1,실제
S6,51,젓가락 변주곡,ORIGINAL,NX~NXA,3,실제
S6,52,카프리스 오브 오타다,ORIGINAL,NX~NXA,19,실제
S6,53,히글디 피글디,ORIGINAL,NX~NXA,25,실제
S6,54,위치 닥터 #1,ORIGINAL,NX~NXA,29,실제
S6,55,두 유 노우 댓-올드 스쿨,ORIGINAL,NX~NXA,33,실제
S6,56,위치 닥터,ORIGINAL,1st~ZERO,7,실제
S6,57,파파 곤잘레스,ORIGINAL,1st~ZERO,10,실제
S6,58,몽키 핑거즈,ORIGINAL,1st~ZERO,24,실제
S6,59,펌프 미 아마데우스,ORIGINAL,1st~ZERO,26,실제
S6,60,디 갱,ORIGINAL,1st~ZERO,30,실제
S6,61,비트 오브 더 워,ORIGINAL,1st~ZERO,32,실제
S6,62,컴 투 미,ORIGINAL,1st~ZERO,33,실제
S6,63,닥터 엠,ORIGINAL,1st~ZERO,34,실제
S6,64,마이웨이,ORIGINAL,1st~ZERO,40,실제
S6,65,포인트 브레이크,ORIGINAL,1st~ZERO,41,실제
S6,66,탑 시티,ORIGINAL,1st~ZERO,43,실제
S6,67,윌 오 더 위스프,ORIGINAL,1st~ZERO,45,실제
S6,68,셋 미 업,ORIGINAL,1st~ZERO,50,실제
S6,69,댄스 위드 미,ORIGINAL,1st~ZERO,51,실제
S6,70,치킨 윙,ORIGINAL,1st~ZERO,54,실제
S6,71,베토벤 바이러스,ORIGINAL,1st~ZERO,62,실제
S6,72,첫사랑,ORIGINAL,1st~ZERO,64,실제
S6,73,무혼,ORIGINAL,1st~ZERO,66,실제
S6,74,서울구경,ORIGINAL,1st~ZERO,72,실제
S6,75,악몽,ORIGINAL,1st~ZERO,73,실제
S6,76,눈을 감아,ORIGINAL,1st~ZERO,74,실제
S6,77,알테일,WORLDMUSIC,PHOENIX,98,실제
S6,78,솔저스 (TANO*C W TEAM RED ANTHEM),WORLDMUSIC,PHOENIX,129,실제
S6,79,컨플릭트,WORLDMUSIC,XX,77,실제
S6,80,폴른 엔젤,WORLDMUSIC,PRIME 2,44,실제
S6,81,셀피쉬니스,WORLDMUSIC,PRIME,51,실제
S6,82,코스미컬 리듬,WORLDMUSIC,PRIME,52,실제
S6,83,돌리 키스,WORLDMUSIC,PRIME,53,실제
S6,84,밀키 웨이 갤럭시,WORLDMUSIC,PRIME,55,실제
S6,85,아마이 유우와쿠 데인저러스,JMUSIC,PRIME,62,실제
S6,86,서든 로맨스 [PIU Edit],JMUSIC,PRIME,65,실제
S6,87,슈샤,WORLDMUSIC,FIESTA~FIESTA 2,97,실제
S6,88,엑스 레이브,WORLDMUSIC,FIESTA~FIESTA 2,102,실제
S6,89,스멜스 라이크 어 초콜릿,WORLDMUSIC,FIESTA~FIESTA 2,103,실제
S6,90,라이징 스타,XROSS,XX,102,실제
S6,91,헤드리스 치킨,XROSS,XX,104,실제
S6,92,하우스플랜,XROSS,XX,108,실제
S6,93,V3,XROSS,PRIME 2,47,실제
S6,94,매지컬 베케이션,XROSS,PRIME 2,56,실제
S6,95,사월,XROSS,PRIME 2,58,실제
S6,96,슈퍼 스타일린,XROSS,PRIME 2,59,실제
S6,97,킵 온!,XROSS,PRIME 2,61,실제
S6,98,아스테리오스 -리엔트리-,XROSS,PRIME 2,62,실제
S7,2,타이밍,KPOP,XX,3,실제
S7,3,유 앤 아이,KPOP,XX,5,실제
S7,4,슬램,KPOP,1st~ZERO,3,실제
S7,5,B3,ORIGINAL,PHOENIX 2,12,실제
S7,6,ESP,ORIGINAL,PHOENIX,5,실제
S7,7,하이웨이 체이서,ORIGINAL,PHOENIX,6,실제
S7,8,이터널 유니버스,ORIGINAL,PHOENIX,7,실제
S7,9,얼티밋 아이즈,ORIGINAL,PHOENIX,10,실제
S7,10,냥-턴 (feat. KuTiNA),ORIGINAL,PHOENIX,11,실제
S7,11,베르사이유,ORIGINAL,PHOENIX,13,실제
S7,12,더 아포칼립스,ORIGINAL,PHOENIX,14,실제
S7,13,붐!!,ORIGINAL,PHOENIX,16,실제
S7,14,추격,ORIGINAL,PHOENIX,26,실제
S7,15,스타드림 -Eurobeat Remix-,ORIGINAL,PHOENIX,27,실제
S7,16,"사이먼 세이즈, 유로댄스!! (feat. Sara☆M)",ORIGINAL,PHOENIX,35,실제
S7,17,록시아,ORIGINAL,PHOENIX,41,실제
S7,18,소닉 붐,ORIGINAL,PHOENIX,48,실제
S7,19,E.O.N,ORIGINAL,PHOENIX,51,실제
S7,20,에렌델,ORIGINAL,PHOENIX,60,실제
S7,21,아테나의 방패,ORIGINAL,PHOENIX,62,실제
S7,22,위더 가든,ORIGINAL,PHOENIX,64,실제
S7,23,이매저너라이즈드 시티,ORIGINAL,PHOENIX,65,실제
S7,24,오블리터레이션,ORIGINAL,XX,10,실제
S7,25,아이 원트 유,ORIGINAL,XX,14,실제
S7,26,슈가 플럼,ORIGINAL,XX,16,실제
S7,27,아이올라이트 스카이,ORIGINAL,XX,22,실제
S7,28,마카롱 데이,ORIGINAL,XX,27,실제
S7,29,아이스 오브 데스,ORIGINAL,XX,28,실제
S7,30,탄탄멘,ORIGINAL,XX,38,실제
S7,31,파파시토 (feat. KuTiNA),ORIGINAL,XX,41,실제
S7,32,시그너스,ORIGINAL,XX,48,실제
S7,33,트로피카닉,ORIGINAL,XX,49,실제
S7,34,슈퍼 카프리시오,ORIGINAL,PRIME 2,5,실제
S7,35,헬파이어,ORIGINAL,PRIME 2,6,실제
S7,36,크로스 오버 feat. LyuU,ORIGINAL,PRIME 2,8,실제
S7,37,브링 백 더 비트,ORIGINAL,PRIME 2,14,실제
S7,38,사라반드,ORIGINAL,PRIME 2,16,실제
S7,39,가장신자,ORIGINAL,PRIME 2,17,실제
S7,40,우츠시요 노 카제 feat. Kana,ORIGINAL,PRIME 2,23,실제
S7,41,HTTP,ORIGINAL,PRIME 2,26,실제
S7,42,트래블 투 퓨처,ORIGINAL,PRIME 2,28,실제
S7,43,레이브 언틸 디 어스 엔드,ORIGINAL,PRIME 2,29,실제
S7,44,어웨이크닝,ORIGINAL,PRIME 2,30,실제
S7,45,하트 어택,ORIGINAL,PRIME 2,33,실제
S7,46,네메시스,ORIGINAL,PRIME,1,실제
S7,47,라티노 바이러스,ORIGINAL,PRIME,3,실제
S7,48,실루엣 이펙트,ORIGINAL,PRIME,6,실제
S7,49,차이니즈 레스토랑,ORIGINAL,PRIME,7,실제
S7,50,아발란치,ORIGINAL,PRIME,8,실제
S7,51,레퀴엠,ORIGINAL,PRIME,10,실제
S7,52,B2,ORIGINAL,PRIME,12,실제
S7,53,헤스티아,ORIGINAL,PRIME,15,실제
S7,54,암피트리온,ORIGINAL,PRIME,16,실제
S7,55,슈퍼 판타지,ORIGINAL,PRIME,19,실제
S7,56,레드 스완,ORIGINAL,PRIME,21,실제
S7,57,어나이얼레이터 메소드,ORIGINAL,PRIME,27,실제
S7,58,레드 스노우,ORIGINAL,PRIME,31,실제
S7,59,레미니센스,ORIGINAL,PRIME,35,실제
S7,60,브레이크 잇 다운,ORIGINAL,PRIME,37,실제
S7,61,엘리제,ORIGINAL,FIESTA~FIESTA 2,1,실제
S7,62,러브 이즈 어 데인저 존(Cranky 믹스),ORIGINAL,FIESTA~FIESTA 2,3,실제
S7,63,엑시던트,ORIGINAL,FIESTA~FIESTA 2,7,실제
S7,64,디,ORIGINAL,FIESTA~FIESTA 2,8,실제
S7,65,루시드(PIU Edit),ORIGINAL,FIESTA~FIESTA 2,10,실제
S7,66,로그인,ORIGINAL,FIESTA~FIESTA 2,11,실제
S7,67,클리너,ORIGINAL,FIESTA~FIESTA 2,21,실제
S7,68,테이크 아웃,ORIGINAL,FIESTA~FIESTA 2,24,실제
S7,69,오버블로우,ORIGINAL,FIESTA~FIESTA 2,26,실제
S7,70,유 갓 투 노우,ORIGINAL,FIESTA~FIESTA 2,46,실제
S7,71,데스티네이션,ORIGINAL,FIESTA~FIESTA 2,47,실제
S7,72,제네시스,ORIGINAL,FIESTA~FIESTA 2,50,실제
S7,73,겟 업 (앤 고),ORIGINAL,FIESTA~FIESTA 2,55,실제
S7,74,팬텀 -인터메조-,ORIGINAL,FIESTA~FIESTA 2,56,실제
S7,75,테프리스,ORIGINAL,FIESTA~FIESTA 2,81,실제
S7,76,블레이즈 이모션,ORIGINAL,NX~NXA,1,실제
S7,77,캐논 X.1,ORIGINAL,NX~NXA,2,실제
S7,78,디제이 오타다,ORIGINAL,NX~NXA,5,실제
S7,79,토카타,ORIGINAL,NX~NXA,8,실제
S7,80,무혼 1.5,ORIGINAL,NX~NXA,17,실제
S7,81,패스터 Z,ORIGINAL,NX~NXA,22,실제
S7,82,펌트리스 꽈뜨로,ORIGINAL,NX~NXA,23,실제
S7,83,기타 맨,ORIGINAL,NX~NXA,24,실제
S7,84,비트 오브 더 워 2,ORIGINAL,1st~ZERO,5,실제
S7,85,러브 이즈 어 데인저 존 pt.2,ORIGINAL,1st~ZERO,8,실제
S7,86,팬텀,ORIGINAL,1st~ZERO,9,실제
S7,87,점프,ORIGINAL,1st~ZERO,11,실제
S7,88,제이 봉,ORIGINAL,1st~ZERO,14,실제
S7,89,캐논 디,ORIGINAL,1st~ZERO,17,실제
S7,90,블레이징,ORIGINAL,1st~ZERO,25,실제
S7,91,비,ORIGINAL,1st~ZERO,29,실제
S7,92,겟 유어 그루브 온,ORIGINAL,1st~ZERO,36,실제
S7,93,마리아,ORIGINAL,1st~ZERO,38,실제
S7,94,미션 파서블,ORIGINAL,1st~ZERO,39,실제
S7,95,윈터,ORIGINAL,1st~ZERO,44,실제
S7,96,미스 에스 스토리,ORIGINAL,1st~ZERO,49,실제
S7,97,부크,ORIGINAL,1st~ZERO,52,실제
S7,98,우편마차,ORIGINAL,1st~ZERO,53,실제
S7,99,라젠스키 캉캉,ORIGINAL,1st~ZERO,55,실제
S7,100,베토벤 바이러스,ORIGINAL,1st~ZERO,62,실제
S7,101,파이널 오디션 2,ORIGINAL,1st~ZERO,68,실제
S7,102,터키 행진곡,ORIGINAL,1st~ZERO,70,실제
S7,103,파이널 오디션,ORIGINAL,1st~ZERO,79,실제
S7,104,어바웃 더 유니버스,WORLDMUSIC,PHOENIX,82,실제
S7,105,퍼페츄얼,WORLDMUSIC,PHOENIX,83,실제
S7,106,댄싱,WORLDMUSIC,PHOENIX,84,실제
S7,107,갤럭시 컬랩스,WORLDMUSIC,PHOENIX,85,실제
S7,108,에너지 시너지 매트릭스,WORLDMUSIC,PHOENIX,94,실제
S7,109,밀크,WORLDMUSIC,PHOENIX,95,실제
S7,110,어콰이어,WORLDMUSIC,PHOENIX,96,실제
S7,111,굿바운스,WORLDMUSIC,PHOENIX,100,실제
S7,112,에모모모,WORLDMUSIC,PHOENIX,103,실제
S7,113,푸파,WORLDMUSIC,PHOENIX,104,실제
S7,114,디스트로0ㅣ어,WORLDMUSIC,PHOENIX,114,실제
S7,115,플래시 아웃,WORLDMUSIC,PHOENIX,116,실제
S7,116,호랑풍류가,WORLDMUSIC,PHOENIX,130,실제
S7,117,슬랩스틱 파르페,WORLDMUSIC,XX,65,실제
S7,118,팝 시퀀스,WORLDMUSIC,XX,67,실제
S7,119,천년이 지나서,WORLDMUSIC,XX,74,실제
S7,120,라이프 이즈 피아노,WORLDMUSIC,XX,83,실제
S7,121,크로스 레이 (feat. 月下Lia),WORLDMUSIC,XX,87,실제
S7,122,스텝,WORLDMUSIC,PRIME 2,41,실제
S7,123,더 레볼루션,WORLDMUSIC,PRIME,50,실제
S7,124,마타도르,WORLDMUSIC,PRIME,54,실제
S7,125,까랴위사따,WORLDMUSIC,PRIME,59,실제
S7,126,스마일 다이어리,JMUSIC,PRIME,67,실제
S7,127,프라임,JMUSIC,PRIME,69,실제
S7,128,퀸 오브 더 레드,JMUSIC,PRIME,70,실제
S7,129,아이디얼라이즈드 로맨스,JMUSIC,PRIME,71,실제
S7,130,저스트 홀드 온 (To All Fighters),JMUSIC,PRIME,72,실제
S7,131,팝 더 트랙,WORLDMUSIC,FIESTA~FIESTA 2,85,실제
S7,132,하드코어 오브 더 노스,WORLDMUSIC,FIESTA~FIESTA 2,94,실제
S7,133,유토피아,WORLDMUSIC,FIESTA~FIESTA 2,96,실제
S7,134,왓 해픈드,WORLDMUSIC,FIESTA~FIESTA 2,99,실제
S7,135,가고일,WORLDMUSIC,FIESTA~FIESTA 2,100,실제
S7,136,알레그로 콘 뿌오코,WORLDMUSIC,FIESTA~FIESTA 2,101,실제
S7,137,네크로맨시,WORLDMUSIC,FIESTA~FIESTA 2,104,실제
S7,138,슈퍼☆하라구로☆팝,XROSS,PHOENIX 2,25,실제
S7,139,오벨리스크,XROSS,XX,96,실제
S7,140,레이지 오브 파이어,XROSS,XX,97,실제
S7,141,듀얼 레이싱 <레드 vs 블루>,XROSS,XX,98,실제
S7,142,싸이클링!,XROSS,XX,99,실제
S7,143,크로스 타임,XROSS,PRIME 2,48,실제
S7,144,헬릭스,XROSS,PRIME 2,50,실제
S7,145,라 그랑 블루,XROSS,PRIME 2,63,실제
S8,2,빌려온 고양이,KPOP,PHOENIX 2,3,실제
S8,3,노스텔지어,KPOP,PHOENIX,3,실제
S8,4,또다른 진심,KPOP,1st~ZERO,4,실제
S8,5,응징 레스토랑,ORIGINAL,PHOENIX 2,9,실제
S8,6,벡터,ORIGINAL,PHOENIX,12,실제
S8,7,유포리아닉,ORIGINAL,PHOENIX,17,실제
S8,8,할로윈 파티 ~Multiverse~,ORIGINAL,PHOENIX,18,실제
S8,9,루시드 드림,ORIGINAL,PHOENIX,24,실제
S8,10,리틀 먼치킨,ORIGINAL,PHOENIX,34,실제
S8,11,데몬 오브 라플라스,ORIGINAL,PHOENIX,39,실제
S8,12,블루이쉬 로즈,ORIGINAL,PHOENIX,40,실제
S8,13,글리머 글림,ORIGINAL,PHOENIX,54,실제
S8,14,서든 어페어런스 이미지,ORIGINAL,PHOENIX,55,실제
S8,15,스위트로닉,ORIGINAL,XX,9,실제
S8,16,야누스,ORIGINAL,XX,13,실제
S8,17,라 그랑드 루즈,ORIGINAL,XX,25,실제
S8,18,아드레날린 블래스터,ORIGINAL,XX,30,실제
S8,19,캉-캉 ~Orpheus in The Party Mix~,ORIGINAL,XX,40,실제
S8,20,디 엔드 오브 더 월드 ft. Skizzo,ORIGINAL,XX,43,실제
S8,21,포가튼 뱀파이어,ORIGINAL,XX,44,실제
S8,22,더 레버리,ORIGINAL,XX,47,실제
S8,23,갓 모드 2.0 feat. Skizzo,ORIGINAL,XX,64,실제
S8,24,트리튬,ORIGINAL,PRIME 2,7,실제
S8,25,갓 모드 feat. skizzo,ORIGINAL,PRIME 2,9,실제
S8,26,브레이크 아웃,ORIGINAL,PRIME 2,15,실제
S8,27,패싱 라이더,ORIGINAL,PRIME 2,19,실제
S8,28,앵귀시드 언메이킹,ORIGINAL,PRIME 2,22,실제
S8,29,업 앤 업 (Produced by AWAL),ORIGINAL,PRIME 2,27,실제
S8,30,왈츠 오브 도지,ORIGINAL,PRIME 2,32,실제
S8,31,캇코이,ORIGINAL,PRIME,2,실제
S8,32,포스 오브 라,ORIGINAL,PRIME,9,실제
S8,33,바이올렛 퍼퓸,ORIGINAL,PRIME,20,실제
S8,34,스콜피온 킹,ORIGINAL,PRIME,29,실제
S8,35,윈드밀,ORIGINAL,FIESTA~FIESTA 2,12,실제
S8,36,여래아,ORIGINAL,FIESTA~FIESTA 2,14,실제
S8,37,조나단의 꿈,ORIGINAL,FIESTA~FIESTA 2,42,실제
S8,38,소서리스 엘리제,ORIGINAL,FIESTA~FIESTA 2,44,실제
S8,39,유 갓 투 노우,ORIGINAL,FIESTA~FIESTA 2,46,실제
S8,40,펌트리스 8비트 ver.,ORIGINAL,NX~NXA,16,실제
S8,41,카프리스 오브 오타다,ORIGINAL,NX~NXA,19,실제
S8,42,몽키 핑거즈 2,ORIGINAL,NX~NXA,21,실제
S8,43,잼 오 비트,ORIGINAL,NX~NXA,26,실제
S8,44,위치 닥터 #1,ORIGINAL,NX~NXA,29,실제
S8,45,파이널 오디션 에피소드 2-1,ORIGINAL,NX~NXA,37,실제
S8,46,월광,ORIGINAL,1st~ZERO,6,실제
S8,47,파파 곤잘레스,ORIGINAL,1st~ZERO,10,실제
S8,48,제이 봉,ORIGINAL,1st~ZERO,14,실제
S8,49,하이 바이,ORIGINAL,1st~ZERO,15,실제
S8,50,무혼 2,ORIGINAL,1st~ZERO,16,실제
S8,51,파이널 오디션 3,ORIGINAL,1st~ZERO,22,실제
S8,52,엑스트림,ORIGINAL,1st~ZERO,27,실제
S8,53,마이웨이,ORIGINAL,1st~ZERO,40,실제
S8,54,포인트 브레이크,ORIGINAL,1st~ZERO,41,실제
S8,55,스트리트 쇼다운,ORIGINAL,1st~ZERO,42,실제
S8,56,오이 오이 오이,ORIGINAL,1st~ZERO,47,실제
S8,57,파이널 오디션 에피소드 1,ORIGINAL,1st~ZERO,56,실제
S8,58,롤링 크리스마스,ORIGINAL,1st~ZERO,60,실제
S8,59,무혼,ORIGINAL,1st~ZERO,66,실제
S8,60,태동,ORIGINAL,1st~ZERO,69,실제
S8,61,엑스트라바간자,ORIGINAL,1st~ZERO,80,실제
S8,62,언더월드 ft. Skizzo (PIU Edit.),WORLDMUSIC,PHOENIX,90,실제
S8,63,굿텍,WORLDMUSIC,PHOENIX,92,실제
S8,64,이렐리아,WORLDMUSIC,PHOENIX,99,실제
S8,65,스테이저,WORLDMUSIC,PHOENIX,105,실제
S8,66,오딘,WORLDMUSIC,PHOENIX,117,실제
S8,67,페이브 가든,WORLDMUSIC,XX,66,실제
S8,68,크로스 소울,WORLDMUSIC,XX,72,실제
S8,69,라라,WORLDMUSIC,XX,75,실제
S8,70,데인저 & 데인저,WORLDMUSIC,XX,78,실제
S8,71,니힐리즘 - 어나더 버전 -,WORLDMUSIC,XX,79,실제
S8,72,브레인 파워,WORLDMUSIC,XX,82,실제
S8,73,허쉬,WORLDMUSIC,PRIME 2,43,실제
S8,74,락 더 하우스,WORLDMUSIC,PRIME,49,실제
S8,75,코스미컬 리듬,WORLDMUSIC,PRIME,52,실제
S8,76,라그나로크,WORLDMUSIC,PRIME,57,실제
S8,77,임프린팅,JMUSIC,PRIME,64,실제
S8,78,파사칼리아,WORLDMUSIC,FIESTA~FIESTA 2,86,실제
S8,79,스위트 원더랜드,XROSS,PHOENIX,132,실제
S8,80,일 더하기 일은 귀요미,XROSS,XX,103,실제
S8,81,블랙 드래곤,XROSS,PRIME 2,52,실제
S8,82,BS파워 익스플로전,XROSS,PRIME 2,53,실제
S8,83,스타트 온 레드,XROSS,PRIME 2,54,실제
S8,84,타임 어택 <블루>,XROSS,PRIME 2,55,실제
S8,85,비주얼 드림 2 (인 픽션),XROSS,PRIME 2,57,실제
S8,86,슈퍼 스타일린,XROSS,PRIME 2,59,실제
S8,87,크리스마스의 기억,XROSS,PRIME 2,60,실제
S8,88,고딕 레조넌스,XROSS,PRIME 2,65,실제
S8,89,베들램,XROSS,PRIME 2,66,실제
S8,90,클루,XROSS,PRIME 2,68,실제
S9,2,스톰,KPOP,PHOENIX,1,실제
S9,3,조깅,KPOP,XX,1,실제
S9,4,날아올라,KPOP,XX,4,실제
S9,5,체이스 미,KPOP,PRIME 2,1,실제
S9,6,굿 나이트,KPOP,PRIME 2,2,실제
S9,7,슬램,KPOP,1st~ZERO,3,실제
S9,8,4NT,ORIGINAL,PHOENIX,9,실제
S9,9,솔페지에토,ORIGINAL,PHOENIX,32,실제
S9,10,피가로의 결혼 ~Celebrazione Remix~,ORIGINAL,PHOENIX,38,실제
S9,11,데카 댄스,ORIGINAL,PHOENIX,56,실제
S9,12,머독 vs 오타다,ORIGINAL,PHOENIX,63,실제
S9,13,도플갱어,ORIGINAL,PHOENIX,67,실제
S9,14,금혼식,ORIGINAL,XX,24,실제
S9,15,테일즈 오브 펌프니아,ORIGINAL,XX,32,실제
S9,16,파괴,ORIGINAL,XX,35,실제
S9,17,라스트 리버스,ORIGINAL,PRIME 2,4,실제
S9,18,가장신자,ORIGINAL,PRIME 2,17,실제
S9,19,아르카나 포스,ORIGINAL,PRIME 2,20,실제
S9,20,라티노 바이러스,ORIGINAL,PRIME,3,실제
S9,21,엘리시움,ORIGINAL,PRIME,4,실제
S9,22,리무버블 디스코,ORIGINAL,PRIME,18,실제
S9,23,레드 스완,ORIGINAL,PRIME,21,실제
S9,24,블레이즈 이모션 (Band version),ORIGINAL,PRIME,23,실제
S9,25,로봇 배틀,ORIGINAL,PRIME,34,실제
S9,26,유 갓 미 락킹,ORIGINAL,FIESTA~FIESTA 2,9,실제
S9,27,팔로우 미,ORIGINAL,FIESTA~FIESTA 2,13,실제
S9,28,버터플라이,ORIGINAL,FIESTA~FIESTA 2,25,실제
S9,29,위 갓 투 노우,ORIGINAL,FIESTA~FIESTA 2,27,실제
S9,30,헝가리 무곡 V,ORIGINAL,FIESTA~FIESTA 2,28,실제
S9,31,마왕,ORIGINAL,FIESTA~FIESTA 2,29,실제
S9,32,야근,ORIGINAL,FIESTA~FIESTA 2,38,실제
S9,33,ㅁㄴㅇㄹ,ORIGINAL,FIESTA~FIESTA 2,41,실제
S9,34,엑스트리,ORIGINAL,FIESTA~FIESTA 2,43,실제
S9,35,블레이즈 이모션,ORIGINAL,NX~NXA,1,실제
S9,36,파이널 오디션 에피소드 2-X,ORIGINAL,NX~NXA,9,실제
S9,37,머니,ORIGINAL,NX~NXA,20,실제
S9,38,히글디 피글디,ORIGINAL,NX~NXA,25,실제
S9,39,위치 닥터 #1,ORIGINAL,NX~NXA,29,실제
S9,40,키메라,ORIGINAL,NX~NXA,31,실제
S9,41,사랑가 2006,ORIGINAL,NX~NXA,32,실제
S9,42,건락,ORIGINAL,NX~NXA,34,실제
S9,43,파이널 오디션 에피소드 2-2,ORIGINAL,NX~NXA,38,실제
S9,44,무혼 2,ORIGINAL,1st~ZERO,16,실제
S9,45,파이널 오디션 3,ORIGINAL,1st~ZERO,22,실제
S9,46,태동 2,ORIGINAL,1st~ZERO,23,실제
S9,47,블레이징,ORIGINAL,1st~ZERO,25,실제
S9,48,비트 오브 더 워,ORIGINAL,1st~ZERO,32,실제
S9,49,닥터 엠,ORIGINAL,1st~ZERO,34,실제
S9,50,엠페러,ORIGINAL,1st~ZERO,35,실제
S9,51,러브 이즈 어 데인저 존,ORIGINAL,1st~ZERO,37,실제
S9,52,오이 오이 오이,ORIGINAL,1st~ZERO,47,실제
S9,53,위 윌 밋 어게인,ORIGINAL,1st~ZERO,48,실제
S9,54,우편마차,ORIGINAL,1st~ZERO,53,실제
S9,55,치킨 윙,ORIGINAL,1st~ZERO,54,실제
S9,56,올 아이 원트 포 크리스마스,ORIGINAL,1st~ZERO,61,실제
S9,57,사랑가,ORIGINAL,1st~ZERO,65,실제
S9,58,프리 스타일,ORIGINAL,1st~ZERO,75,실제
S9,59,그녀는 피자를 좋아해,ORIGINAL,1st~ZERO,77,실제
S9,60,프렉쳐 텀퍼렐르,WORLDMUSIC,PHOENIX,86,실제
S9,61,알테일,WORLDMUSIC,PHOENIX,98,실제
S9,62,배틀 넘버원,WORLDMUSIC,PHOENIX,128,실제
S9,63,클럽 나이트,WORLDMUSIC,XX,69,실제
S9,64,인디스트럭터블,WORLDMUSIC,XX,70,실제
S9,65,아클루오이아스,WORLDMUSIC,PRIME,58,실제
S9,66,스타더스트 오버드라이브,WORLDMUSIC,PRIME,61,실제
S9,67,서든 로맨스 [PIU Edit],JMUSIC,PRIME,65,실제
S9,68,미토츠다이라,JMUSIC,PRIME,66,실제
S9,69,배드 애플!! feat. Nomico,JMUSIC,PRIME,68,실제
S9,70,모노리스,WORLDMUSIC,FIESTA~FIESTA 2,91,실제
S9,71,트라이브 어택커,WORLDMUSIC,FIESTA~FIESTA 2,95,실제
S9,72,엑스 레이브,WORLDMUSIC,FIESTA~FIESTA 2,102,실제
S9,73,스멜스 라이크 어 초콜릿,WORLDMUSIC,FIESTA~FIESTA 2,103,실제
S9,74,우라늄,XROSS,XX,100,실제
S9,75,하우스플랜,XROSS,XX,108,실제
S9,76,유어 마인드,XROSS,XX,109,실제
S9,77,V3,XROSS,PRIME 2,47,실제
S9,78,히페리온,XROSS,PRIME 2,51,실제
S9,79,어 사이트 데 라 루,XROSS,PRIME 2,67,실제
S10,2,뱅 뱅,KPOP,PHOENIX 2,4,실제
S10,3,엔조이 더 쇼,ORIGINAL,PHOENIX 2,8,실제
S10,4,베르사이유,ORIGINAL,PHOENIX,13,실제
S10,5,쇼다운,ORIGINAL,PHOENIX,15,실제
S10,6,결투,ORIGINAL,PHOENIX,29,실제
S10,7,라크리모사,ORIGINAL,PHOENIX,31,실제
S10,8,임페리움,ORIGINAL,PHOENIX,43,실제
S10,9,큐리아서티 오버드라이브,ORIGINAL,PHOENIX,47,실제
S10,10,소닉 붐,ORIGINAL,PHOENIX,48,실제
S10,11,솔브 마이 허트,ORIGINAL,PHOENIX,53,실제
S10,12,웨딩 크래셔,ORIGINAL,XX,8,실제
S10,13,오블리터레이션,ORIGINAL,XX,10,실제
S10,14,디스트릭트 1,ORIGINAL,XX,15,실제
S10,15,텔링 포츈 플라워,ORIGINAL,XX,17,실제
S10,16,하트 래빗 코스터,ORIGINAL,XX,19,실제
S10,17,립톤 스트라이크,ORIGINAL,XX,20,실제
S10,18,아이올라이트 스카이,ORIGINAL,XX,22,실제
S10,19,퍼센트 엑스,ORIGINAL,XX,23,실제
S10,20,포세이돈,ORIGINAL,XX,29,실제
S10,21,위키드 레전드,ORIGINAL,XX,37,실제
S10,22,스타드림 (feat. Romelon),ORIGINAL,XX,39,실제
S10,23,파이어 오브 데스티니,ORIGINAL,XX,42,실제
S10,24,아마겟돈,ORIGINAL,XX,45,실제
S10,25,리펜턴스,ORIGINAL,XX,46,실제
S10,26,오버블로우2,ORIGINAL,PRIME 2,18,실제
S10,27,헤이 유,ORIGINAL,PRIME 2,24,실제
S10,28,트위스트 오브 페이트 (feat. Ruriling),ORIGINAL,PRIME 2,25,실제
S10,29,어웨이크닝,ORIGINAL,PRIME 2,30,실제
S10,30,네메시스,ORIGINAL,PRIME,1,실제
S10,31,요그 소토스,ORIGINAL,PRIME,5,실제
S10,32,실루엣 이펙트,ORIGINAL,PRIME,6,실제
S10,33,차이니즈 레스토랑,ORIGINAL,PRIME,7,실제
S10,34,유 갓 미 크레이지,ORIGINAL,PRIME,11,실제
S10,35,B2,ORIGINAL,PRIME,12,실제
S10,36,메테오라이즈,ORIGINAL,PRIME,13,실제
S10,37,헤스티아,ORIGINAL,PRIME,15,실제
S10,38,슈퍼 판타지,ORIGINAL,PRIME,19,실제
S10,39,히아신스,ORIGINAL,PRIME,22,실제
S10,40,설탕음모론,ORIGINAL,PRIME,25,실제
S10,41,알레그로 피유 모쏘,ORIGINAL,PRIME,26,실제
S10,42,무브 댓 바디!,ORIGINAL,PRIME,28,실제
S10,43,포인트 제로 원,ORIGINAL,PRIME,30,실제
S10,44,캄파넬라,ORIGINAL,PRIME,32,실제
S10,45,레미니센스,ORIGINAL,PRIME,35,실제
S10,46,모멘트 데이,ORIGINAL,PRIME,36,실제
S10,47,하이퍼큐브,ORIGINAL,PRIME,38,실제
S10,48,라이크 미,ORIGINAL,PRIME,39,실제
S10,49,유니크,ORIGINAL,FIESTA~FIESTA 2,6,실제
S10,50,로그인,ORIGINAL,FIESTA~FIESTA 2,11,실제
S10,51,리얼리티,ORIGINAL,FIESTA~FIESTA 2,23,실제
S10,52,오버블로우,ORIGINAL,FIESTA~FIESTA 2,26,실제
S10,53,네이티브,ORIGINAL,FIESTA~FIESTA 2,30,실제
S10,54,파반느,ORIGINAL,FIESTA~FIESTA 2,39,실제
S10,55,소서리스 엘리제,ORIGINAL,FIESTA~FIESTA 2,44,실제
S10,56,안녕 윌리엄,ORIGINAL,FIESTA~FIESTA 2,53,실제
S10,57,터키 행진곡 -미니멀튠즈-,ORIGINAL,FIESTA~FIESTA 2,54,실제
S10,58,디제이 오타다,ORIGINAL,NX~NXA,5,실제
S10,59,케이.오.에이 : 엘리스 인 원더월드,ORIGINAL,NX~NXA,6,실제
S10,60,마이 드림즈,ORIGINAL,NX~NXA,7,실제
S10,61,미운 오리 새끼,ORIGINAL,NX~NXA,36,실제
S10,62,겟 업!,ORIGINAL,1st~ZERO,28,실제
S10,63,비,ORIGINAL,1st~ZERO,29,실제
S10,64,닥터 엠,ORIGINAL,1st~ZERO,34,실제
S10,65,셋 미 업,ORIGINAL,1st~ZERO,50,실제
S10,66,부크,ORIGINAL,1st~ZERO,52,실제
S10,67,파이널 오디션 에피소드 1,ORIGINAL,1st~ZERO,56,실제
S10,68,오! 로사,ORIGINAL,1st~ZERO,63,실제
S10,69,파이널 오디션 2,ORIGINAL,1st~ZERO,68,실제
S10,70,그녀는 피자를 좋아해,ORIGINAL,1st~ZERO,77,실제
S10,71,펌핑업,ORIGINAL,1st~ZERO,78,실제
S10,72,파이널 오디션,ORIGINAL,1st~ZERO,79,실제
S10,73,네이드 네이드,WORLDMUSIC,PHOENIX,91,실제
S10,74,코스믹 레일로드,WORLDMUSIC,PHOENIX,93,실제
S10,75,에모모모,WORLDMUSIC,PHOENIX,103,실제
S10,76,슬랩스틱 파르페,WORLDMUSIC,XX,65,실제
S10,77,크로싱 델타,WORLDMUSIC,XX,68,실제
S10,78,프렌드,WORLDMUSIC,XX,76,실제
S10,79,라이프 이즈 피아노,WORLDMUSIC,XX,83,실제
S10,80,글로리아,WORLDMUSIC,XX,84,실제
S10,81,시간의 회랑 라비린스,WORLDMUSIC,XX,93,실제
S10,82,락 더 하우스,WORLDMUSIC,PRIME,49,실제
S10,83,까랴위사따,WORLDMUSIC,PRIME,59,실제
S10,84,요로피쿠 피쿠요로!,JMUSIC,PRIME,63,실제
S10,85,팝 더 트랙,WORLDMUSIC,FIESTA~FIESTA 2,85,실제
S10,86,유토피아,WORLDMUSIC,FIESTA~FIESTA 2,96,실제
S10,87,슈샤,WORLDMUSIC,FIESTA~FIESTA 2,97,실제
S10,88,알레그로 콘 뿌오코,WORLDMUSIC,FIESTA~FIESTA 2,101,실제
S10,89,네크로맨시,WORLDMUSIC,FIESTA~FIESTA 2,104,실제
S10,90,슈퍼☆하라구로☆팝,XROSS,PHOENIX 2,25,실제
S10,91,오벨리스크,XROSS,XX,96,실제
S10,92,싸이클링!,XROSS,XX,99,실제
S10,93,헤드리스 치킨,XROSS,XX,104,실제
S10,94,아스테리오스 -리엔트리-,XROSS,PRIME 2,62,실제
S10,95,인피니티,XROSS,PRIME 2,64,실제
S10,96,킬 뎀!,XROSS,PRIME 2,70,실제
S11,2,응징 레스토랑,ORIGINAL,PHOENIX 2,9,실제
S11,4,블레이저,ORIGINAL,PHOENIX 2,11,실제
S11,5,B3,ORIGINAL,PHOENIX 2,12,실제
S11,6,디기탈리스,ORIGINAL,PHOENIX 2,13,실제
S11,8,사월의 축제,ORIGINAL,PHOENIX,4,실제
S11,9,하이웨이 체이서,ORIGINAL,PHOENIX,6,실제
S11,10,번 아웃,ORIGINAL,PHOENIX,8,실제
S11,11,얼티밋 아이즈,ORIGINAL,PHOENIX,10,실제
S11,12,냥-턴 (feat. KuTiNA),ORIGINAL,PHOENIX,11,실제
S11,13,더 아포칼립스,ORIGINAL,PHOENIX,14,실제
S11,14,유포리아닉,ORIGINAL,PHOENIX,17,실제
S11,15,플레이버 스텝!,ORIGINAL,PHOENIX,22,실제
S11,16,시,ORIGINAL,PHOENIX,25,실제
S11,17,추격,ORIGINAL,PHOENIX,26,실제
S11,18,머독,ORIGINAL,PHOENIX,33,실제
S11,19,"사이먼 세이즈, 유로댄스!! (feat. Sara☆M)",ORIGINAL,PHOENIX,35,실제
S11,20,바버스 매드니스,ORIGINAL,PHOENIX,36,실제
S11,21,요! 세이!! 페어리!!!,ORIGINAL,PHOENIX,37,실제
S11,22,아테나의 방패,ORIGINAL,PHOENIX,62,실제
S11,23,위더 가든,ORIGINAL,PHOENIX,64,실제
S11,24,스위트로닉,ORIGINAL,XX,9,실제
S11,25,트란사칼리아,ORIGINAL,XX,11,실제
S11,26,슈가 플럼,ORIGINAL,XX,16,실제
S11,27,아이스 오브 데스,ORIGINAL,XX,28,실제
S11,28,클레마티스 랩소디아,ORIGINAL,XX,36,실제
S11,29,탄탄멘,ORIGINAL,XX,38,실제
S11,30,더 레버리,ORIGINAL,XX,47,실제
S11,31,시그너스,ORIGINAL,XX,48,실제
S11,32,트로피카닉,ORIGINAL,XX,49,실제
S11,33,헬파이어,ORIGINAL,PRIME 2,6,실제
S11,34,크로스 오버 feat. LyuU,ORIGINAL,PRIME 2,8,실제
S11,35,다람쥐 헌 쳇바퀴에 타고파,ORIGINAL,PRIME 2,12,실제
S11,36,알레그로 퓨리오소,ORIGINAL,PRIME 2,21,실제
S11,37,우츠시요 노 카제 feat. Kana,ORIGINAL,PRIME 2,23,실제
S11,38,트래블 투 퓨처,ORIGINAL,PRIME 2,28,실제
S11,39,왈츠 오브 도지,ORIGINAL,PRIME 2,32,실제
S11,40,하트 어택,ORIGINAL,PRIME 2,33,실제
S11,41,캇코이,ORIGINAL,PRIME,2,실제
S11,42,아발란치,ORIGINAL,PRIME,8,실제
S11,43,암피트리온,ORIGINAL,PRIME,16,실제
S11,44,어나이얼레이터 메소드,ORIGINAL,PRIME,27,실제
S11,45,레드 스노우,ORIGINAL,PRIME,31,실제
S11,46,힙노시스(SynthWulf 믹스),ORIGINAL,FIESTA~FIESTA 2,4,실제
S11,47,제네시스,ORIGINAL,FIESTA~FIESTA 2,50,실제
S11,48,겟 업 (앤 고),ORIGINAL,FIESTA~FIESTA 2,55,실제
S11,49,토카타,ORIGINAL,NX~NXA,8,실제
S11,50,비트 더 고스트,ORIGINAL,NX~NXA,18,실제
S11,51,투우사의 노래,ORIGINAL,NX~NXA,35,실제
S11,52,비트 오브 더 워 2,ORIGINAL,1st~ZERO,5,실제
S11,53,월광,ORIGINAL,1st~ZERO,6,실제
S11,54,러브 이즈 어 데인저 존 pt.2,ORIGINAL,1st~ZERO,8,실제
S11,55,캐논 디,ORIGINAL,1st~ZERO,17,실제
S11,56,헬로우,ORIGINAL,1st~ZERO,31,실제
S11,57,컴 투 미,ORIGINAL,1st~ZERO,33,실제
S11,58,러브 이즈 어 데인저 존,ORIGINAL,1st~ZERO,37,실제
S11,59,스트리트 쇼다운,ORIGINAL,1st~ZERO,42,실제
S11,60,틸 디 엔드 오브 타임,ORIGINAL,1st~ZERO,46,실제
S11,61,치킨 윙,ORIGINAL,1st~ZERO,54,실제
S11,62,무혼,ORIGINAL,1st~ZERO,66,실제
S11,63,엑스트라바간자,ORIGINAL,1st~ZERO,80,실제
S11,64,갤럭시 컬랩스,WORLDMUSIC,PHOENIX,85,실제
S11,65,언더월드 ft. Skizzo (PIU Edit.),WORLDMUSIC,PHOENIX,90,실제
S11,66,에너지 시너지 매트릭스,WORLDMUSIC,PHOENIX,94,실제
S11,67,밀크,WORLDMUSIC,PHOENIX,95,실제
S11,68,어콰이어,WORLDMUSIC,PHOENIX,96,실제
S11,69,푸파,WORLDMUSIC,PHOENIX,104,실제
S11,70,스테이저,WORLDMUSIC,PHOENIX,105,실제
S11,71,빅 대디,WORLDMUSIC,PHOENIX,115,실제
S11,72,플래시 아웃,WORLDMUSIC,PHOENIX,116,실제
S11,73,비코즈 오브 유,WORLDMUSIC,PHOENIX,118,실제
S11,74,비옐라의 악몽,WORLDMUSIC,PHOENIX,122,실제
S11,75,솔저스 (TANO*C W TEAM RED ANTHEM),WORLDMUSIC,PHOENIX,129,실제
S11,76,브로큰 카르마 (PIU EDIT),WORLDMUSIC,XX,73,실제
S11,77,컨플릭트,WORLDMUSIC,XX,77,실제
S11,78,"팔랑크스 ""RS2018 edit""",WORLDMUSIC,XX,80,실제
S11,79,포인트 제로 2,WORLDMUSIC,XX,81,실제
S11,80,브레인 파워,WORLDMUSIC,XX,82,실제
S11,81,모페모페,WORLDMUSIC,XX,85,실제
S11,82,폴른 엔젤,WORLDMUSIC,PRIME 2,44,실제
S11,83,셀피쉬니스,WORLDMUSIC,PRIME,51,실제
S11,84,마타도르,WORLDMUSIC,PRIME,54,실제
S11,85,밀키 웨이 갤럭시,WORLDMUSIC,PRIME,55,실제
S11,86,필 마이 해피니스,WORLDMUSIC,PRIME,56,실제
S11,87,비디오 아웃 씨,WORLDMUSIC,PRIME,60,실제
S11,88,아마이 유우와쿠 데인저러스,JMUSIC,PRIME,62,실제
S11,89,임프린팅,JMUSIC,PRIME,64,실제
S11,90,스마일 다이어리,JMUSIC,PRIME,67,실제
S11,91,프라임,JMUSIC,PRIME,69,실제
S11,92,아이디얼라이즈드 로맨스,JMUSIC,PRIME,71,실제
S11,93,저스트 홀드 온 (To All Fighters),JMUSIC,PRIME,72,실제
S11,94,바로크 바이러스,WORLDMUSIC,FIESTA~FIESTA 2,87,실제
S11,95,가고일,WORLDMUSIC,FIESTA~FIESTA 2,100,실제
S11,96,레이지 오브 파이어,XROSS,XX,97,실제
S11,97,듀얼 레이싱 <레드 vs 블루>,XROSS,XX,98,실제
S11,98,라이징 스타,XROSS,XX,102,실제
S11,99,일 더하기 일은 귀요미,XROSS,XX,103,실제
S11,100,오버 더 호라이즌,XROSS,XX,105,실제
S11,101,유령의 축제 2 (Sneak),XROSS,PRIME 2,49,실제
S11,102,헬릭스,XROSS,PRIME 2,50,실제
S11,103,블랙 드래곤,XROSS,PRIME 2,52,실제
S11,104,스타트 온 레드,XROSS,PRIME 2,54,실제
S11,105,매지컬 베케이션,XROSS,PRIME 2,56,실제
S11,106,슈퍼 스타일린,XROSS,PRIME 2,59,실제
S11,107,고딕 레조넌스,XROSS,PRIME 2,65,실제
S11,108,어 사이트 데 라 루,XROSS,PRIME 2,67,실제
S11,109,레드라인,XROSS,PRIME 2,69,실제
S12,2,오버나이트 플라워,ORIGINAL,PHOENIX 2,15,실제
S12,4,이터널 유니버스,ORIGINAL,PHOENIX,7,실제
S12,5,4NT,ORIGINAL,PHOENIX,9,실제
S12,6,붐!!,ORIGINAL,PHOENIX,16,실제
S12,7,할로윈 파티 ~Multiverse~,ORIGINAL,PHOENIX,18,실제
S12,8,스타드림 -Eurobeat Remix-,ORIGINAL,PHOENIX,27,실제
S12,9,배니쉬 2 - Roar of the invisible dragon,ORIGINAL,PHOENIX,30,실제
S12,10,블루이쉬 로즈,ORIGINAL,PHOENIX,40,실제
S12,11,록시아,ORIGINAL,PHOENIX,41,실제
S12,12,메가하츠,ORIGINAL,PHOENIX,49,실제
S12,13,E.O.N,ORIGINAL,PHOENIX,51,실제
S12,14,뉴 로즈,ORIGINAL,PHOENIX,57,실제
S12,15,에렌델,ORIGINAL,PHOENIX,60,실제
S12,16,이매저너라이즈드 시티,ORIGINAL,PHOENIX,65,실제
S12,17,크림슨 후드,ORIGINAL,PHOENIX,66,실제
S12,18,야누스,ORIGINAL,XX,13,실제
S12,19,아이 원트 유,ORIGINAL,XX,14,실제
S12,20,스켑틱,ORIGINAL,XX,21,실제
S12,21,까르멘 버스,ORIGINAL,XX,26,실제
S12,22,마카롱 데이,ORIGINAL,XX,27,실제
S12,23,배니쉬,ORIGINAL,XX,31,실제
S12,24,테일즈 오브 펌프니아,ORIGINAL,XX,32,실제
S12,25,파괴,ORIGINAL,XX,35,실제
S12,26,슈퍼 카프리시오,ORIGINAL,PRIME 2,5,실제
S12,27,트리튬,ORIGINAL,PRIME 2,7,실제
S12,28,슈브 니구라스,ORIGINAL,PRIME 2,10,실제
S12,29,퍼더,ORIGINAL,PRIME 2,11,실제
S12,30,브링 백 더 비트,ORIGINAL,PRIME 2,14,실제
S12,31,브레이크 아웃,ORIGINAL,PRIME 2,15,실제
S12,32,사라반드,ORIGINAL,PRIME 2,16,실제
S12,33,패싱 라이더,ORIGINAL,PRIME 2,19,실제
S12,34,포스 오브 라,ORIGINAL,PRIME,9,실제
S12,35,레퀴엠,ORIGINAL,PRIME,10,실제
S12,36,리키지 볼티지,ORIGINAL,PRIME,17,실제
S12,37,무브 댓 바디!,ORIGINAL,PRIME,28,실제
S12,38,엘리제,ORIGINAL,FIESTA~FIESTA 2,1,실제
S12,39,이그니스 패터스(DM Ashura 믹스),ORIGINAL,FIESTA~FIESTA 2,2,실제
S12,40,디,ORIGINAL,FIESTA~FIESTA 2,8,실제
S12,41,인터퍼런스,ORIGINAL,FIESTA~FIESTA 2,22,실제
S12,42,테이크 아웃,ORIGINAL,FIESTA~FIESTA 2,24,실제
S12,43,마왕,ORIGINAL,FIESTA~FIESTA 2,29,실제
S12,44,사랑가 -2막-,ORIGINAL,FIESTA~FIESTA 2,45,실제
S12,45,팬텀 -인터메조-,ORIGINAL,FIESTA~FIESTA 2,56,실제
S12,46,젓가락 변주곡,ORIGINAL,NX~NXA,3,실제
S12,47,사람들은 몰랐다네,ORIGINAL,NX~NXA,4,실제
S12,48,패스터 Z,ORIGINAL,NX~NXA,22,실제
S12,49,사랑가 2006,ORIGINAL,NX~NXA,32,실제
S12,50,위치 닥터,ORIGINAL,1st~ZERO,7,실제
S12,51,점프,ORIGINAL,1st~ZERO,11,실제
S12,52,몽키 핑거즈,ORIGINAL,1st~ZERO,24,실제
S12,53,엑스트림,ORIGINAL,1st~ZERO,27,실제
S12,54,비,ORIGINAL,1st~ZERO,29,실제
S12,55,엠페러,ORIGINAL,1st~ZERO,35,실제
S12,56,겟 유어 그루브 온,ORIGINAL,1st~ZERO,36,실제
S12,57,마리아,ORIGINAL,1st~ZERO,38,실제
S12,58,윈터,ORIGINAL,1st~ZERO,44,실제
S12,59,우편마차,ORIGINAL,1st~ZERO,53,실제
S12,60,라젠스키 캉캉,ORIGINAL,1st~ZERO,55,실제
S12,61,베토벤 바이러스,ORIGINAL,1st~ZERO,62,실제
S12,62,첫사랑,ORIGINAL,1st~ZERO,64,실제
S12,63,파이널 오디션 2,ORIGINAL,1st~ZERO,68,실제
S12,64,태동,ORIGINAL,1st~ZERO,69,실제
S12,65,터키 행진곡,ORIGINAL,1st~ZERO,70,실제
S12,66,님과 함께,ORIGINAL,1st~ZERO,71,실제
S12,67,미드나잇 블루,ORIGINAL,1st~ZERO,76,실제
S12,68,나이트시어터,WORLDMUSIC,PHOENIX 2,21,실제
S12,69,어바웃 더 유니버스,WORLDMUSIC,PHOENIX,82,실제
S12,70,퍼페츄얼,WORLDMUSIC,PHOENIX,83,실제
S12,71,프렉쳐 텀퍼렐르,WORLDMUSIC,PHOENIX,86,실제
S12,72,카타스트로피,WORLDMUSIC,PHOENIX,87,실제
S12,73,휴먼 익스팅션 (PIU Edit.),WORLDMUSIC,PHOENIX,88,실제
S12,74,굿텍,WORLDMUSIC,PHOENIX,92,실제
S12,75,진폐증 ft. Kagamine Len/GUMI,WORLDMUSIC,PHOENIX,97,실제
S12,76,알테일,WORLDMUSIC,PHOENIX,98,실제
S12,77,굿바운스,WORLDMUSIC,PHOENIX,100,실제
S12,78,앨리스 인 미산트로프,WORLDMUSIC,PHOENIX,101,실제
S12,79,지젤,WORLDMUSIC,PHOENIX,110,실제
S12,80,할시온,WORLDMUSIC,PHOENIX,113,실제
S12,81,오딘,WORLDMUSIC,PHOENIX,117,실제
S12,82,팝핀 샤워,WORLDMUSIC,PHOENIX,120,실제
S12,83,브레이크 스루 마이셀프 feat. Risa Yuzuki,WORLDMUSIC,PHOENIX,121,실제
S12,84,쵸빗 플레이버,WORLDMUSIC,PHOENIX,123,실제
S12,85,얼라이브,WORLDMUSIC,PHOENIX,124,실제
S12,86,호랑풍류가,WORLDMUSIC,PHOENIX,130,실제
S12,87,페이브 가든,WORLDMUSIC,XX,66,실제
S12,88,팝 시퀀스,WORLDMUSIC,XX,67,실제
S12,89,인디스트럭터블,WORLDMUSIC,XX,70,실제
S12,90,8 6,WORLDMUSIC,XX,71,실제
S12,91,천년이 지나서,WORLDMUSIC,XX,74,실제
S12,92,데인저 & 데인저,WORLDMUSIC,XX,78,실제
S12,93,Re : 엔드 오브 어 드림,WORLDMUSIC,XX,86,실제
S12,94,크로스 레이 (feat. 月下Lia),WORLDMUSIC,XX,87,실제
S12,95,꺼림칙한,WORLDMUSIC,PRIME 2,42,실제
S12,96,더 레볼루션,WORLDMUSIC,PRIME,50,실제
S12,97,라그나로크,WORLDMUSIC,PRIME,57,실제
S12,98,퀸 오브 더 레드,JMUSIC,PRIME,70,실제
S12,99,파사칼리아,WORLDMUSIC,FIESTA~FIESTA 2,86,실제
S12,100,하드코어 오브 더 노스,WORLDMUSIC,FIESTA~FIESTA 2,94,실제
S12,101,왓 해픈드,WORLDMUSIC,FIESTA~FIESTA 2,99,실제
S12,102,드림체이서즈,XROSS,PHOENIX 2,24,실제
S12,103,슈퍼☆하라구로☆팝,XROSS,PHOENIX 2,25,실제
S12,104,스위트 원더랜드,XROSS,PHOENIX,132,실제
S12,105,이미지네이션,XROSS,XX,94,실제
S12,106,블랙스완,XROSS,XX,95,실제
S12,107,제로아이즈,XROSS,XX,101,실제
S12,108,로키,XROSS,XX,106,실제
S12,109,크로스 타임,XROSS,PRIME 2,48,실제
S12,110,BS파워 익스플로전,XROSS,PRIME 2,53,실제
S12,111,라 그랑 블루,XROSS,PRIME 2,63,실제
S12,112,클루,XROSS,PRIME 2,68,실제
S13,2,비행기,KPOP,PHOENIX,2,실제
S13,3,ESP,ORIGINAL,PHOENIX,5,실제
S13,4,쥬핀,ORIGINAL,PHOENIX,19,실제
S13,5,그로스,ORIGINAL,PHOENIX,20,실제
S13,6,루시드 드림,ORIGINAL,PHOENIX,24,실제
S13,7,결투,ORIGINAL,PHOENIX,29,실제
S13,8,라크리모사,ORIGINAL,PHOENIX,31,실제
S13,9,리틀 먼치킨,ORIGINAL,PHOENIX,34,실제
S13,10,피가로의 결혼 ~Celebrazione Remix~,ORIGINAL,PHOENIX,38,실제
S13,11,네오 카타르시스,ORIGINAL,PHOENIX,44,실제
S13,12,열정,ORIGINAL,PHOENIX,45,실제
S13,13,글리머 글림,ORIGINAL,PHOENIX,54,실제
S13,14,서든 어페어런스 이미지,ORIGINAL,PHOENIX,55,실제
S13,15,데카 댄스,ORIGINAL,PHOENIX,56,실제
S13,16,머독 vs 오타다,ORIGINAL,PHOENIX,63,실제
S13,17,도플갱어,ORIGINAL,PHOENIX,67,실제
S13,18,텔링 포츈 플라워,ORIGINAL,XX,17,실제
S13,19,니알라토텝,ORIGINAL,XX,18,실제
S13,20,라 그랑드 루즈,ORIGINAL,XX,25,실제
S13,21,오르비트 스테빌라이저,ORIGINAL,XX,34,실제
S13,22,캉-캉 ~Orpheus in The Party Mix~,ORIGINAL,XX,40,실제
S13,23,파파시토 (feat. KuTiNA),ORIGINAL,XX,41,실제
S13,24,포가튼 뱀파이어,ORIGINAL,XX,44,실제
S13,25,갓 모드 2.0 feat. Skizzo,ORIGINAL,XX,64,실제
S13,26,라스트 리버스,ORIGINAL,PRIME 2,4,실제
S13,27,갓 모드 feat. skizzo,ORIGINAL,PRIME 2,9,실제
S13,28,실버 비트 feat. ChisaUezono,ORIGINAL,PRIME 2,13,실제
S13,29,바이올렛 퍼퓸,ORIGINAL,PRIME,20,실제
S13,30,힙노시스(SynthWulf 믹스),ORIGINAL,FIESTA~FIESTA 2,4,실제
S13,31,에프 에프 에프,ORIGINAL,FIESTA~FIESTA 2,5,실제
S13,32,엑시던트,ORIGINAL,FIESTA~FIESTA 2,7,실제
S13,33,루시드(PIU Edit),ORIGINAL,FIESTA~FIESTA 2,10,실제
S13,34,윈드밀,ORIGINAL,FIESTA~FIESTA 2,12,실제
S13,35,여래아,ORIGINAL,FIESTA~FIESTA 2,14,실제
S13,36,멘탈 라이더,ORIGINAL,FIESTA~FIESTA 2,15,실제
S13,37,데스티네이션,ORIGINAL,FIESTA~FIESTA 2,47,실제
S13,38,두 잇 레게 스타일,ORIGINAL,FIESTA~FIESTA 2,49,실제
S13,39,아리랑,ORIGINAL,FIESTA~FIESTA 2,51,실제
S13,40,캐논 X.1,ORIGINAL,NX~NXA,2,실제
S13,41,패스터 Z,ORIGINAL,NX~NXA,22,실제
S13,42,기타 맨,ORIGINAL,NX~NXA,24,실제
S13,43,키메라,ORIGINAL,NX~NXA,31,실제
S13,44,팬텀,ORIGINAL,1st~ZERO,9,실제
S13,45,펌프 미 아마데우스,ORIGINAL,1st~ZERO,26,실제
S13,46,디 갱,ORIGINAL,1st~ZERO,30,실제
S13,47,컴 투 미,ORIGINAL,1st~ZERO,33,실제
S13,48,탑 시티,ORIGINAL,1st~ZERO,43,실제
S13,49,윌 오 더 위스프,ORIGINAL,1st~ZERO,45,실제
S13,50,틸 디 엔드 오브 타임,ORIGINAL,1st~ZERO,46,실제
S13,51,위 윌 밋 어게인,ORIGINAL,1st~ZERO,48,실제
S13,52,파이널 오디션 에피소드 1,ORIGINAL,1st~ZERO,56,실제
S13,53,롤링 크리스마스,ORIGINAL,1st~ZERO,60,실제
S13,54,사랑가,ORIGINAL,1st~ZERO,65,실제
S13,55,미스터 라푸스,ORIGINAL,1st~ZERO,67,실제
S13,56,서울구경,ORIGINAL,1st~ZERO,72,실제
S13,57,프리 스타일,ORIGINAL,1st~ZERO,75,실제
S13,58,펌핑업,ORIGINAL,1st~ZERO,78,실제
S13,59,엑스트라바간자,ORIGINAL,1st~ZERO,80,실제
S13,60,크래쉬 랜딩 랑데부,WORLDMUSIC,PHOENIX 2,19,실제
S13,61,인피니트 에너지 -Overdoze-,WORLDMUSIC,PHOENIX 2,22,실제
S13,62,프리덤 다이브,WORLDMUSIC,PHOENIX 2,23,실제
S13,63,바이너리 스타,WORLDMUSIC,PHOENIX,81,실제
S13,64,댄싱,WORLDMUSIC,PHOENIX,84,실제
S13,65,댓 키티 (PIU Edit.),WORLDMUSIC,PHOENIX,89,실제
S13,66,이렐리아,WORLDMUSIC,PHOENIX,99,실제
S13,67,R.I.P.,WORLDMUSIC,PHOENIX,102,실제
S13,68,러쉬-모어,WORLDMUSIC,PHOENIX,106,실제
S13,69,러쉬-아워,WORLDMUSIC,PHOENIX,107,실제
S13,70,* 이 게임은 존재하지 않습니다 *,WORLDMUSIC,PHOENIX,108,실제
S13,71,마히카,WORLDMUSIC,PHOENIX,109,실제
S13,72,디스트로0ㅣ어,WORLDMUSIC,PHOENIX,114,실제
S13,73,크로싱 델타,WORLDMUSIC,XX,68,실제
S13,74,시간의 회랑 라비린스,WORLDMUSIC,XX,93,실제
S13,75,배드 애플!! feat. Nomico,JMUSIC,PRIME,68,실제
S13,76,스타 커맨드,WORLDMUSIC,FIESTA~FIESTA 2,98,실제
S13,77,사월,XROSS,PRIME 2,58,실제
S13,78,킵 온!,XROSS,PRIME 2,61,실제
S13,79,도나텔로,XROSS,PRIME 2,71,실제
S14,2,고민중독,KPOP,PHOENIX 2,2,실제
S14,4,노스텔지어,KPOP,PHOENIX,3,실제
S14,5,디기탈리스,ORIGINAL,PHOENIX 2,13,실제
S14,6,얼티밋 아이즈,ORIGINAL,PHOENIX,10,실제
S14,7,벡터,ORIGINAL,PHOENIX,12,실제
S14,8,더 아포칼립스,ORIGINAL,PHOENIX,14,실제
S14,9,쇼다운,ORIGINAL,PHOENIX,15,실제
S14,10,플레이버 스텝!,ORIGINAL,PHOENIX,22,실제
S14,11,프ㄹi마 마테ㄹi아,ORIGINAL,PHOENIX,42,실제
S14,12,임페리움,ORIGINAL,PHOENIX,43,실제
S14,13,다크사이드 오브 더 마인드,ORIGINAL,PHOENIX,50,실제
S14,14,솔브 마이 허트,ORIGINAL,PHOENIX,53,실제
S14,15,헤라클레스,ORIGINAL,PHOENIX,58,실제
S14,16,인베이젼,ORIGINAL,PHOENIX,59,실제
S14,17,위더 가든,ORIGINAL,PHOENIX,64,실제
S14,18,하트 래빗 코스터,ORIGINAL,XX,19,실제
S14,19,김치 핑거즈,ORIGINAL,XX,33,실제
S14,20,탄탄멘,ORIGINAL,XX,38,실제
S14,21,알레그로 퓨리오소,ORIGINAL,PRIME 2,21,실제
S14,22,HTTP,ORIGINAL,PRIME 2,26,실제
S14,23,어웨이크닝,ORIGINAL,PRIME 2,30,실제
S14,24,왈츠 오브 도지,ORIGINAL,PRIME 2,32,실제
S14,25,캇코이,ORIGINAL,PRIME,2,실제
S14,26,엘리시움,ORIGINAL,PRIME,4,실제
S14,27,히아신스,ORIGINAL,PRIME,22,실제
S14,28,설탕음모론,ORIGINAL,PRIME,25,실제
S14,29,브레이크 잇 다운,ORIGINAL,PRIME,37,실제
S14,30,라이크 미,ORIGINAL,PRIME,39,실제
S14,31,러브 이즈 어 데인저 존(Cranky 믹스),ORIGINAL,FIESTA~FIESTA 2,3,실제
S14,32,유니크,ORIGINAL,FIESTA~FIESTA 2,6,실제
S14,33,팔로우 미,ORIGINAL,FIESTA~FIESTA 2,13,실제
S14,34,클리너,ORIGINAL,FIESTA~FIESTA 2,21,실제
S14,35,버터플라이,ORIGINAL,FIESTA~FIESTA 2,25,실제
S14,36,야근,ORIGINAL,FIESTA~FIESTA 2,38,실제
S14,37,펌핑 점핑,ORIGINAL,FIESTA~FIESTA 2,58,실제
S14,38,펌트리스 꽈뜨로,ORIGINAL,NX~NXA,23,실제
S14,39,닥터 엠,ORIGINAL,1st~ZERO,34,실제
S14,40,포인트 브레이크,ORIGINAL,1st~ZERO,41,실제
S14,41,오이 오이 오이,ORIGINAL,1st~ZERO,47,실제
S14,42,셋 미 업,ORIGINAL,1st~ZERO,50,실제
S14,43,오! 로사,ORIGINAL,1st~ZERO,63,실제
S14,44,에모모모,WORLDMUSIC,PHOENIX,103,실제
S14,45,푸파,WORLDMUSIC,PHOENIX,104,실제
S14,46,스푸키 마카롱,WORLDMUSIC,PHOENIX,111,실제
S14,47,빅 대디,WORLDMUSIC,PHOENIX,115,실제
S14,48,비코즈 오브 유,WORLDMUSIC,PHOENIX,118,실제
S14,49,배틀 넘버원,WORLDMUSIC,PHOENIX,128,실제
S14,50,라라,WORLDMUSIC,XX,75,실제
S14,51,글로리아,WORLDMUSIC,XX,84,실제
S14,52,스텝,WORLDMUSIC,PRIME 2,41,실제
S14,53,코스미컬 리듬,WORLDMUSIC,PRIME,52,실제
S14,54,돌리 키스,WORLDMUSIC,PRIME,53,실제
S14,55,까랴위사따,WORLDMUSIC,PRIME,59,실제
S14,56,비디오 아웃 씨,WORLDMUSIC,PRIME,60,실제
S14,57,아마이 유우와쿠 데인저러스,JMUSIC,PRIME,62,실제
S14,58,서든 로맨스 [PIU Edit],JMUSIC,PRIME,65,실제
S14,59,키티 캣,WORLDMUSIC,FIESTA~FIESTA 2,93,실제
S14,60,헬리오스피어,XROSS,PHOENIX,131,실제
S14,61,오버 더 호라이즌,XROSS,XX,105,실제
S14,62,V3,XROSS,PRIME 2,47,실제
S14,63,히페리온,XROSS,PRIME 2,51,실제
S14,64,사월,XROSS,PRIME 2,58,실제
S14,65,크리스마스의 기억,XROSS,PRIME 2,60,실제
S14,66,아스테리오스 -리엔트리-,XROSS,PRIME 2,62,실제
S15,3,빌려온 고양이,KPOP,PHOENIX 2,3,실제
S15,6,스톰,KPOP,PHOENIX,1,실제
S15,7,비행기,KPOP,PHOENIX,2,실제
S15,8,타이밍,KPOP,XX,3,실제
S15,9,날아올라,KPOP,XX,4,실제
S15,10,유 앤 아이,KPOP,XX,5,실제
S15,11,체이스 미,KPOP,PRIME 2,1,실제
S15,12,디그니티,KPOP,1st~ZERO,2,실제
S15,13,블레이저,ORIGINAL,PHOENIX 2,11,실제
S15,14,사월의 축제,ORIGINAL,PHOENIX,4,실제
S15,15,번 아웃,ORIGINAL,PHOENIX,8,실제
S15,16,붐!!,ORIGINAL,PHOENIX,16,실제
S15,17,라크리모사,ORIGINAL,PHOENIX,31,실제
S15,18,솔페지에토,ORIGINAL,PHOENIX,32,실제
S15,19,초악마황제,ORIGINAL,PHOENIX,46,실제
S15,20,큐리아서티 오버드라이브,ORIGINAL,PHOENIX,47,실제
S15,21,E.O.N,ORIGINAL,PHOENIX,51,실제
S15,22,카오스 어게인,ORIGINAL,PHOENIX,52,실제
S15,23,서든 어페어런스 이미지,ORIGINAL,PHOENIX,55,실제
S15,24,힘 오브 골든 글로리,ORIGINAL,PHOENIX,61,실제
S15,25,스위트로닉,ORIGINAL,XX,9,실제
S15,26,오블리터레이션,ORIGINAL,XX,10,실제
S15,27,디스트릭트 1,ORIGINAL,XX,15,실제
S15,28,슈가 플럼,ORIGINAL,XX,16,실제
S15,29,포세이돈,ORIGINAL,XX,29,실제
S15,30,아드레날린 블래스터,ORIGINAL,XX,30,실제
S15,31,클레마티스 랩소디아,ORIGINAL,XX,36,실제
S15,32,스타드림 (feat. Romelon),ORIGINAL,XX,39,실제
S15,33,파파시토 (feat. KuTiNA),ORIGINAL,XX,41,실제
S15,34,더 레버리,ORIGINAL,XX,47,실제
S15,35,헬파이어,ORIGINAL,PRIME 2,6,실제
S15,36,크로스 오버 feat. LyuU,ORIGINAL,PRIME 2,8,실제
S15,37,오버블로우2,ORIGINAL,PRIME 2,18,실제
S15,38,앵귀시드 언메이킹,ORIGINAL,PRIME 2,22,실제
S15,39,헤이 유,ORIGINAL,PRIME 2,24,실제
S15,40,레이브 언틸 디 어스 엔드,ORIGINAL,PRIME 2,29,실제
S15,41,이스케이프,ORIGINAL,PRIME 2,31,실제
S15,42,매드 사이언스,ORIGINAL,PRIME,14,실제
S15,43,리키지 볼티지,ORIGINAL,PRIME,17,실제
S15,44,리무버블 디스코,ORIGINAL,PRIME,18,실제
S15,45,슈퍼 판타지,ORIGINAL,PRIME,19,실제
S15,46,스콜피온 킹,ORIGINAL,PRIME,29,실제
S15,47,유 어게인 마이 러브,ORIGINAL,PRIME,33,실제
S15,48,로봇 배틀,ORIGINAL,PRIME,34,실제
S15,49,모멘트 데이,ORIGINAL,PRIME,36,실제
S15,50,하이퍼큐브,ORIGINAL,PRIME,38,실제
S15,51,잣,ORIGINAL,FIESTA~FIESTA 2,40,실제
S15,52,엑스트리,ORIGINAL,FIESTA~FIESTA 2,43,실제
S15,53,네이팜,ORIGINAL,FIESTA~FIESTA 2,82,실제
S15,54,머니,ORIGINAL,NX~NXA,20,실제
S15,55,히글디 피글디,ORIGINAL,NX~NXA,25,실제
S15,56,아크 오브 다크니스,ORIGINAL,NX~NXA,30,실제
S15,57,사랑가 2006,ORIGINAL,NX~NXA,32,실제
S15,58,투우사의 노래,ORIGINAL,NX~NXA,35,실제
S15,59,제이 봉,ORIGINAL,1st~ZERO,14,실제
S15,60,태동 2,ORIGINAL,1st~ZERO,23,실제
S15,61,몽키 핑거즈,ORIGINAL,1st~ZERO,24,실제
S15,62,엑스트림,ORIGINAL,1st~ZERO,27,실제
S15,63,겟 업!,ORIGINAL,1st~ZERO,28,실제
S15,64,댄스 위드 미,ORIGINAL,1st~ZERO,51,실제
S15,65,우편마차,ORIGINAL,1st~ZERO,53,실제
S15,66,펌프 점프,ORIGINAL,1st~ZERO,58,실제
S15,67,올 아이 원트 포 크리스마스,ORIGINAL,1st~ZERO,61,실제
S15,68,미스터 라푸스,ORIGINAL,1st~ZERO,67,실제
S15,69,콰투오룩스,WORLDMUSIC,PHOENIX 2,20,실제
S15,70,나이트시어터,WORLDMUSIC,PHOENIX 2,21,실제
S15,71,갤럭시 컬랩스,WORLDMUSIC,PHOENIX,85,실제
S15,72,프렉쳐 텀퍼렐르,WORLDMUSIC,PHOENIX,86,실제
S15,73,카타스트로피,WORLDMUSIC,PHOENIX,87,실제
S15,74,네이드 네이드,WORLDMUSIC,PHOENIX,91,실제
S15,75,코스믹 레일로드,WORLDMUSIC,PHOENIX,93,실제
S15,76,밀크,WORLDMUSIC,PHOENIX,95,실제
S15,77,어콰이어,WORLDMUSIC,PHOENIX,96,실제
S15,78,알테일,WORLDMUSIC,PHOENIX,98,실제
S15,79,앨리스 인 미산트로프,WORLDMUSIC,PHOENIX,101,실제
S15,80,스테이저,WORLDMUSIC,PHOENIX,105,실제
S15,81,아라가미,WORLDMUSIC,PHOENIX,112,실제
S15,82,†도프†센시†,WORLDMUSIC,PHOENIX,119,실제
S15,83,팝핀 샤워,WORLDMUSIC,PHOENIX,120,실제
S15,84,브레이크 스루 마이셀프 feat. Risa Yuzuki,WORLDMUSIC,PHOENIX,121,실제
S15,85,얼라이브,WORLDMUSIC,PHOENIX,124,실제
S15,86,트릭크래쉬 220,WORLDMUSIC,PHOENIX,125,실제
S15,87,익스트림 음악학원 1교시  feat. Nanahira,WORLDMUSIC,PHOENIX,126,실제
S15,88,솔저스 (TANO*C W TEAM RED ANTHEM),WORLDMUSIC,PHOENIX,129,실제
S15,89,팝 시퀀스,WORLDMUSIC,XX,67,실제
S15,90,프렌드,WORLDMUSIC,XX,76,실제
S15,91,컨플릭트,WORLDMUSIC,XX,77,실제
S15,92,니힐리즘 - 어나더 버전 -,WORLDMUSIC,XX,79,실제
S15,93,"팔랑크스 ""RS2018 edit""",WORLDMUSIC,XX,80,실제
S15,94,모페모페,WORLDMUSIC,XX,85,실제
S15,95,Re : 엔드 오브 어 드림,WORLDMUSIC,XX,86,실제
S15,96,시간의 회랑 라비린스,WORLDMUSIC,XX,93,실제
S15,97,꺼림칙한,WORLDMUSIC,PRIME 2,42,실제
S15,98,허쉬,WORLDMUSIC,PRIME 2,43,실제
S15,99,아클루오이아스,WORLDMUSIC,PRIME,58,실제
S15,100,요로피쿠 피쿠요로!,JMUSIC,PRIME,63,실제
S15,101,미토츠다이라,JMUSIC,PRIME,66,실제
S15,102,배드 애플!! feat. Nomico,JMUSIC,PRIME,68,실제
S15,103,퀸 오브 더 레드,JMUSIC,PRIME,70,실제
S15,104,모노리스,WORLDMUSIC,FIESTA~FIESTA 2,91,실제
S15,105,레이디버그,WORLDMUSIC,FIESTA~FIESTA 2,92,실제
S15,106,슈샤,WORLDMUSIC,FIESTA~FIESTA 2,97,실제
S15,107,스타 커맨드,WORLDMUSIC,FIESTA~FIESTA 2,98,실제
S15,108,드림체이서즈,XROSS,PHOENIX 2,24,실제
S15,109,스위트 원더랜드,XROSS,PHOENIX,132,실제
S15,110,이미지네이션,XROSS,XX,94,실제
S15,111,블랙스완,XROSS,XX,95,실제
S15,112,오벨리스크,XROSS,XX,96,실제
S15,113,우라늄,XROSS,XX,100,실제
S15,114,라이징 스타,XROSS,XX,102,실제
S15,115,일 더하기 일은 귀요미,XROSS,XX,103,실제
S15,116,헤드리스 치킨,XROSS,XX,104,실제
S15,117,디멘트 ~에프터 레전드~,XROSS,XX,107,실제
S15,118,하우스플랜,XROSS,XX,108,실제
S15,119,유어 마인드,XROSS,XX,109,실제
S15,120,타임 어택 <블루>,XROSS,PRIME 2,55,실제
S15,121,킵 온!,XROSS,PRIME 2,61,실제
S15,122,인피니티,XROSS,PRIME 2,64,실제
S15,123,베들램,XROSS,PRIME 2,66,실제
S15,124,킬 뎀!,XROSS,PRIME 2,70,실제
S16,2,뱅 뱅,KPOP,PHOENIX 2,4,실제
S16,3,404 (뉴 에라),KPOP,PHOENIX 2,5,실제
S16,5,조깅,KPOP,XX,1,실제
S16,6,풀 문,KPOP,XX,2,실제
S16,7,또다른 진심,KPOP,1st~ZERO,4,실제
S16,8,B3,ORIGINAL,PHOENIX 2,12,실제
S16,9,더 라스트 리벨리온,ORIGINAL,PHOENIX 2,14,실제
S16,10,오버나이트 플라워,ORIGINAL,PHOENIX 2,15,실제
S16,11,레전더리 도미니언,ORIGINAL,PHOENIX 2,16,실제
S16,12,하이웨이 체이서,ORIGINAL,PHOENIX,6,실제
S16,13,이터널 유니버스,ORIGINAL,PHOENIX,7,실제
S16,14,4NT,ORIGINAL,PHOENIX,9,실제
S16,15,얼티밋 아이즈,ORIGINAL,PHOENIX,10,실제
S16,16,냥-턴 (feat. KuTiNA),ORIGINAL,PHOENIX,11,실제
S16,17,베르사이유,ORIGINAL,PHOENIX,13,실제
S16,18,더 아포칼립스,ORIGINAL,PHOENIX,14,실제
S16,19,유포리아닉,ORIGINAL,PHOENIX,17,실제
S16,20,할로윈 파티 ~Multiverse~,ORIGINAL,PHOENIX,18,실제
S16,21,그로스,ORIGINAL,PHOENIX,20,실제
S16,22,시,ORIGINAL,PHOENIX,25,실제
S16,23,결투,ORIGINAL,PHOENIX,29,실제
S16,24,리틀 먼치킨,ORIGINAL,PHOENIX,34,실제
S16,25,"사이먼 세이즈, 유로댄스!! (feat. Sara☆M)",ORIGINAL,PHOENIX,35,실제
S16,26,바버스 매드니스,ORIGINAL,PHOENIX,36,실제
S16,27,요! 세이!! 페어리!!!,ORIGINAL,PHOENIX,37,실제
S16,28,블루이쉬 로즈,ORIGINAL,PHOENIX,40,실제
S16,29,록시아,ORIGINAL,PHOENIX,41,실제
S16,30,열정,ORIGINAL,PHOENIX,45,실제
S16,31,소닉 붐,ORIGINAL,PHOENIX,48,실제
S16,32,데카 댄스,ORIGINAL,PHOENIX,56,실제
S16,33,뉴 로즈,ORIGINAL,PHOENIX,57,실제
S16,34,아테나의 방패,ORIGINAL,PHOENIX,62,실제
S16,35,머독 vs 오타다,ORIGINAL,PHOENIX,63,실제
S16,36,이매저너라이즈드 시티,ORIGINAL,PHOENIX,65,실제
S16,37,크림슨 후드,ORIGINAL,PHOENIX,66,실제
S16,38,도플갱어,ORIGINAL,PHOENIX,67,실제
S16,39,웨딩 크래셔,ORIGINAL,XX,8,실제
S16,40,트란사칼리아,ORIGINAL,XX,11,실제
S16,41,1949,ORIGINAL,XX,12,실제
S16,42,립톤 스트라이크,ORIGINAL,XX,20,실제
S16,43,아이올라이트 스카이,ORIGINAL,XX,22,실제
S16,44,금혼식,ORIGINAL,XX,24,실제
S16,45,까르멘 버스,ORIGINAL,XX,26,실제
S16,46,오르비트 스테빌라이저,ORIGINAL,XX,34,실제
S16,47,파괴,ORIGINAL,XX,35,실제
S16,48,위키드 레전드,ORIGINAL,XX,37,실제
S16,49,캉-캉 ~Orpheus in The Party Mix~,ORIGINAL,XX,40,실제
S16,50,파파시토 (feat. KuTiNA),ORIGINAL,XX,41,실제
S16,51,파이어 오브 데스티니,ORIGINAL,XX,42,실제
S16,52,디 엔드 오브 더 월드 ft. Skizzo,ORIGINAL,XX,43,실제
S16,53,포가튼 뱀파이어,ORIGINAL,XX,44,실제
S16,54,아마겟돈,ORIGINAL,XX,45,실제
S16,55,리펜턴스,ORIGINAL,XX,46,실제
S16,56,트로피카닉,ORIGINAL,XX,49,실제
S16,57,라스트 리버스,ORIGINAL,PRIME 2,4,실제
S16,58,슈브 니구라스,ORIGINAL,PRIME 2,10,실제
S16,59,퍼더,ORIGINAL,PRIME 2,11,실제
S16,60,다람쥐 헌 쳇바퀴에 타고파,ORIGINAL,PRIME 2,12,실제
S16,61,실버 비트 feat. ChisaUezono,ORIGINAL,PRIME 2,13,실제
S16,62,브레이크 아웃,ORIGINAL,PRIME 2,15,실제
S16,63,사라반드,ORIGINAL,PRIME 2,16,실제
S16,64,가장신자,ORIGINAL,PRIME 2,17,실제
S16,65,패싱 라이더,ORIGINAL,PRIME 2,19,실제
S16,66,아르카나 포스,ORIGINAL,PRIME 2,20,실제
S16,67,트위스트 오브 페이트 (feat. Ruriling),ORIGINAL,PRIME 2,25,실제
S16,68,어웨이크닝,ORIGINAL,PRIME 2,30,실제
S16,69,하트 어택,ORIGINAL,PRIME 2,33,실제
S16,70,네메시스,ORIGINAL,PRIME,1,실제
S16,71,요그 소토스,ORIGINAL,PRIME,5,실제
S16,72,차이니즈 레스토랑,ORIGINAL,PRIME,7,실제
S16,73,아발란치,ORIGINAL,PRIME,8,실제
S16,74,레퀴엠,ORIGINAL,PRIME,10,실제
S16,75,B2,ORIGINAL,PRIME,12,실제
S16,76,메테오라이즈,ORIGINAL,PRIME,13,실제
S16,77,슈퍼 판타지,ORIGINAL,PRIME,19,실제
S16,78,1950,ORIGINAL,PRIME,24,실제
S16,79,어나이얼레이터 메소드,ORIGINAL,PRIME,27,실제
S16,80,포인트 제로 원,ORIGINAL,PRIME,30,실제
S16,81,레드 스노우,ORIGINAL,PRIME,31,실제
S16,82,캄파넬라,ORIGINAL,PRIME,32,실제
S16,83,레미니센스,ORIGINAL,PRIME,35,실제
S16,84,브레이크 잇 다운,ORIGINAL,PRIME,37,실제
S16,85,엘리제,ORIGINAL,FIESTA~FIESTA 2,1,실제
S16,86,이그니스 패터스(DM Ashura 믹스),ORIGINAL,FIESTA~FIESTA 2,2,실제
S16,87,유니크,ORIGINAL,FIESTA~FIESTA 2,6,실제
S16,88,루시드(PIU Edit),ORIGINAL,FIESTA~FIESTA 2,10,실제
S16,89,멘탈 라이더,ORIGINAL,FIESTA~FIESTA 2,15,실제
S16,90,리얼리티,ORIGINAL,FIESTA~FIESTA 2,23,실제
S16,91,오버블로우,ORIGINAL,FIESTA~FIESTA 2,26,실제
S16,92,조나단의 꿈,ORIGINAL,FIESTA~FIESTA 2,42,실제
S16,93,진공,ORIGINAL,FIESTA~FIESTA 2,48,실제
S16,94,팬텀 -인터메조-,ORIGINAL,FIESTA~FIESTA 2,56,실제
S16,95,펌핑 점핑,ORIGINAL,FIESTA~FIESTA 2,58,실제
S16,96,블레이즈 이모션,ORIGINAL,NX~NXA,1,실제
S16,97,사람들은 몰랐다네,ORIGINAL,NX~NXA,4,실제
S16,98,무혼 1.5,ORIGINAL,NX~NXA,17,실제
S16,99,히글디 피글디,ORIGINAL,NX~NXA,25,실제
S16,100,잼 오 비트,ORIGINAL,NX~NXA,26,실제
S16,101,러브 이즈 어 데인저 존 pt.2,ORIGINAL,1st~ZERO,8,실제
S16,102,파파 곤잘레스,ORIGINAL,1st~ZERO,10,실제
S16,103,점프,ORIGINAL,1st~ZERO,11,실제
S16,104,하이 바이,ORIGINAL,1st~ZERO,15,실제
S16,105,파이널 오디션 3,ORIGINAL,1st~ZERO,22,실제
S16,106,펌프 미 아마데우스,ORIGINAL,1st~ZERO,26,실제
S16,107,비트 오브 더 워,ORIGINAL,1st~ZERO,32,실제
S16,108,닥터 엠,ORIGINAL,1st~ZERO,34,실제
S16,109,엠페러,ORIGINAL,1st~ZERO,35,실제
S16,110,마리아,ORIGINAL,1st~ZERO,38,실제
S16,111,마이웨이,ORIGINAL,1st~ZERO,40,실제
S16,112,스트리트 쇼다운,ORIGINAL,1st~ZERO,42,실제
S16,113,윈터,ORIGINAL,1st~ZERO,44,실제
S16,114,윌 오 더 위스프,ORIGINAL,1st~ZERO,45,실제
S16,115,부크,ORIGINAL,1st~ZERO,52,실제
S16,116,엔,ORIGINAL,1st~ZERO,59,실제
S16,117,베토벤 바이러스,ORIGINAL,1st~ZERO,62,실제
S16,118,사랑가,ORIGINAL,1st~ZERO,65,실제
S16,119,크래쉬 랜딩 랑데부,WORLDMUSIC,PHOENIX 2,19,실제
S16,120,인피니트 에너지 -Overdoze-,WORLDMUSIC,PHOENIX 2,22,실제
S16,121,어바웃 더 유니버스,WORLDMUSIC,PHOENIX,82,실제
S16,122,퍼페츄얼,WORLDMUSIC,PHOENIX,83,실제
S16,123,댄싱,WORLDMUSIC,PHOENIX,84,실제
S16,124,언더월드 ft. Skizzo (PIU Edit.),WORLDMUSIC,PHOENIX,90,실제
S16,125,굿텍,WORLDMUSIC,PHOENIX,92,실제
S16,126,에너지 시너지 매트릭스,WORLDMUSIC,PHOENIX,94,실제
S16,127,진폐증 ft. Kagamine Len/GUMI,WORLDMUSIC,PHOENIX,97,실제
S16,128,굿바운스,WORLDMUSIC,PHOENIX,100,실제
S16,129,R.I.P.,WORLDMUSIC,PHOENIX,102,실제
S16,130,에모모모,WORLDMUSIC,PHOENIX,103,실제
S16,131,러쉬-모어,WORLDMUSIC,PHOENIX,106,실제
S16,132,러쉬-아워,WORLDMUSIC,PHOENIX,107,실제
S16,133,* 이 게임은 존재하지 않습니다 *,WORLDMUSIC,PHOENIX,108,실제
S16,134,마히카,WORLDMUSIC,PHOENIX,109,실제
S16,135,지젤,WORLDMUSIC,PHOENIX,110,실제
S16,136,빅 대디,WORLDMUSIC,PHOENIX,115,실제
S16,137,플래시 아웃,WORLDMUSIC,PHOENIX,116,실제
S16,138,비코즈 오브 유,WORLDMUSIC,PHOENIX,118,실제
S16,139,비옐라의 악몽,WORLDMUSIC,PHOENIX,122,실제
S16,140,쵸빗 플레이버,WORLDMUSIC,PHOENIX,123,실제
S16,141,익스트림 음악학원 2교시  feat. Nanahira,WORLDMUSIC,PHOENIX,127,실제
S16,142,호랑풍류가,WORLDMUSIC,PHOENIX,130,실제
S16,143,슬랩스틱 파르페,WORLDMUSIC,XX,65,실제
S16,144,페이브 가든,WORLDMUSIC,XX,66,실제
S16,145,8 6,WORLDMUSIC,XX,71,실제
S16,146,브로큰 카르마 (PIU EDIT),WORLDMUSIC,XX,73,실제
S16,147,데인저 & 데인저,WORLDMUSIC,XX,78,실제
S16,148,포인트 제로 2,WORLDMUSIC,XX,81,실제
S16,149,브레인 파워,WORLDMUSIC,XX,82,실제
S16,150,라이프 이즈 피아노,WORLDMUSIC,XX,83,실제
S16,151,크로스 레이 (feat. 月下Lia),WORLDMUSIC,XX,87,실제
S16,152,락 더 하우스,WORLDMUSIC,PRIME,49,실제
S16,153,라그나로크,WORLDMUSIC,PRIME,57,실제
S16,154,까랴위사따,WORLDMUSIC,PRIME,59,실제
S16,155,스타더스트 오버드라이브,WORLDMUSIC,PRIME,61,실제
S16,156,스마일 다이어리,JMUSIC,PRIME,67,실제
S16,157,프라임,JMUSIC,PRIME,69,실제
S16,158,아이디얼라이즈드 로맨스,JMUSIC,PRIME,71,실제
S16,159,저스트 홀드 온 (To All Fighters),JMUSIC,PRIME,72,실제
S16,160,팝 더 트랙,WORLDMUSIC,FIESTA~FIESTA 2,85,실제
S16,161,슈퍼☆하라구로☆팝,XROSS,PHOENIX 2,25,실제
S16,162,블랙스완,XROSS,XX,95,실제
S16,163,레이지 오브 파이어,XROSS,XX,97,실제
S16,164,듀얼 레이싱 <레드 vs 블루>,XROSS,XX,98,실제
S16,165,싸이클링!,XROSS,XX,99,실제
S16,166,로키,XROSS,XX,106,실제
S16,167,크로스 타임,XROSS,PRIME 2,48,실제
S16,168,유령의 축제 2 (Sneak),XROSS,PRIME 2,49,실제
S16,169,헬릭스,XROSS,PRIME 2,50,실제
S16,170,BS파워 익스플로전,XROSS,PRIME 2,53,실제
S16,171,스타트 온 레드,XROSS,PRIME 2,54,실제
S16,172,매지컬 베케이션,XROSS,PRIME 2,56,실제
S16,173,비주얼 드림 2 (인 픽션),XROSS,PRIME 2,57,실제
S16,174,라 그랑 블루,XROSS,PRIME 2,63,실제
S16,175,어 사이트 데 라 루,XROSS,PRIME 2,67,실제
S16,176,클루,XROSS,PRIME 2,68,실제
S16,177,레드라인,XROSS,PRIME 2,69,실제
S17,2,고민중독,KPOP,PHOENIX 2,2,실제
S17,3,빌려온 고양이,KPOP,PHOENIX 2,3,실제
S17,5,스톰,KPOP,PHOENIX,1,실제
S17,6,비행기,KPOP,PHOENIX,2,실제
S17,7,노스텔지어,KPOP,PHOENIX,3,실제
S17,8,유 앤 아이,KPOP,XX,5,실제
S17,9,체이스 미,KPOP,PRIME 2,1,실제
S17,10,굿 나이트,KPOP,PRIME 2,2,실제
S17,11,디그니티,KPOP,1st~ZERO,2,실제
S17,12,응징 레스토랑,ORIGINAL,PHOENIX 2,9,실제
S17,14,번 아웃,ORIGINAL,PHOENIX,8,실제
S17,15,쇼다운,ORIGINAL,PHOENIX,15,실제
S17,16,붐!!,ORIGINAL,PHOENIX,16,실제
S17,17,쥬핀,ORIGINAL,PHOENIX,19,실제
S17,18,추격,ORIGINAL,PHOENIX,26,실제
S17,19,스타드림 -Eurobeat Remix-,ORIGINAL,PHOENIX,27,실제
S17,20,배니쉬 2 - Roar of the invisible dragon,ORIGINAL,PHOENIX,30,실제
S17,21,라크리모사,ORIGINAL,PHOENIX,31,실제
S17,22,피가로의 결혼 ~Celebrazione Remix~,ORIGINAL,PHOENIX,38,실제
S17,23,데몬 오브 라플라스,ORIGINAL,PHOENIX,39,실제
S17,24,네오 카타르시스,ORIGINAL,PHOENIX,44,실제
S17,25,메가하츠,ORIGINAL,PHOENIX,49,실제
S17,26,다크사이드 오브 더 마인드,ORIGINAL,PHOENIX,50,실제
S17,27,E.O.N,ORIGINAL,PHOENIX,51,실제
S17,28,서든 어페어런스 이미지,ORIGINAL,PHOENIX,55,실제
S17,29,인베이젼,ORIGINAL,PHOENIX,59,실제
S17,30,에렌델,ORIGINAL,PHOENIX,60,실제
S17,31,위더 가든,ORIGINAL,PHOENIX,64,실제
S17,32,스위트로닉,ORIGINAL,XX,9,실제
S17,33,야누스,ORIGINAL,XX,13,실제
S17,34,아이 원트 유,ORIGINAL,XX,14,실제
S17,35,텔링 포츈 플라워,ORIGINAL,XX,17,실제
S17,36,니알라토텝,ORIGINAL,XX,18,실제
S17,37,하트 래빗 코스터,ORIGINAL,XX,19,실제
S17,38,마카롱 데이,ORIGINAL,XX,27,실제
S17,39,아이스 오브 데스,ORIGINAL,XX,28,실제
S17,40,배니쉬,ORIGINAL,XX,31,실제
S17,41,테일즈 오브 펌프니아,ORIGINAL,XX,32,실제
S17,42,김치 핑거즈,ORIGINAL,XX,33,실제
S17,43,탄탄멘,ORIGINAL,XX,38,실제
S17,44,더 레버리,ORIGINAL,XX,47,실제
S17,45,시그너스,ORIGINAL,XX,48,실제
S17,46,갓 모드 2.0 feat. Skizzo,ORIGINAL,XX,64,실제
S17,47,슈퍼 카프리시오,ORIGINAL,PRIME 2,5,실제
S17,48,트리튬,ORIGINAL,PRIME 2,7,실제
S17,49,브링 백 더 비트,ORIGINAL,PRIME 2,14,실제
S17,50,우츠시요 노 카제 feat. Kana,ORIGINAL,PRIME 2,23,실제
S17,51,HTTP,ORIGINAL,PRIME 2,26,실제
S17,52,업 앤 업 (Produced by AWAL),ORIGINAL,PRIME 2,27,실제
S17,53,트래블 투 퓨처,ORIGINAL,PRIME 2,28,실제
S17,54,레이브 언틸 디 어스 엔드,ORIGINAL,PRIME 2,29,실제
S17,55,왈츠 오브 도지,ORIGINAL,PRIME 2,32,실제
S17,56,라티노 바이러스,ORIGINAL,PRIME,3,실제
S17,57,요그 소토스,ORIGINAL,PRIME,5,실제
S17,58,포스 오브 라,ORIGINAL,PRIME,9,실제
S17,59,유 갓 미 크레이지,ORIGINAL,PRIME,11,실제
S17,60,리키지 볼티지,ORIGINAL,PRIME,17,실제
S17,61,바이올렛 퍼퓸,ORIGINAL,PRIME,20,실제
S17,62,블레이즈 이모션 (Band version),ORIGINAL,PRIME,23,실제
S17,63,알레그로 피유 모쏘,ORIGINAL,PRIME,26,실제
S17,64,무브 댓 바디!,ORIGINAL,PRIME,28,실제
S17,65,모멘트 데이,ORIGINAL,PRIME,36,실제
S17,66,하이퍼큐브,ORIGINAL,PRIME,38,실제
S17,67,러브 이즈 어 데인저 존(Cranky 믹스),ORIGINAL,FIESTA~FIESTA 2,3,실제
S17,68,힙노시스(SynthWulf 믹스),ORIGINAL,FIESTA~FIESTA 2,4,실제
S17,69,유 갓 미 락킹,ORIGINAL,FIESTA~FIESTA 2,9,실제
S17,70,윈드밀,ORIGINAL,FIESTA~FIESTA 2,12,실제
S17,71,팔로우 미,ORIGINAL,FIESTA~FIESTA 2,13,실제
S17,72,클리너,ORIGINAL,FIESTA~FIESTA 2,21,실제
S17,73,테이크 아웃,ORIGINAL,FIESTA~FIESTA 2,24,실제
S17,74,버터플라이,ORIGINAL,FIESTA~FIESTA 2,25,실제
S17,75,위 갓 투 노우,ORIGINAL,FIESTA~FIESTA 2,27,실제
S17,76,헝가리 무곡 V,ORIGINAL,FIESTA~FIESTA 2,28,실제
S17,77,네이티브,ORIGINAL,FIESTA~FIESTA 2,30,실제
S17,78,야근,ORIGINAL,FIESTA~FIESTA 2,38,실제
S17,79,파반느,ORIGINAL,FIESTA~FIESTA 2,39,실제
S17,80,ㅁㄴㅇㄹ,ORIGINAL,FIESTA~FIESTA 2,41,실제
S17,81,소서리스 엘리제,ORIGINAL,FIESTA~FIESTA 2,44,실제
S17,82,유 갓 투 노우,ORIGINAL,FIESTA~FIESTA 2,46,실제
S17,83,데스티네이션,ORIGINAL,FIESTA~FIESTA 2,47,실제
S17,84,테크 -클럽 코펜하겐-,ORIGINAL,FIESTA~FIESTA 2,52,실제
S17,85,안녕 윌리엄,ORIGINAL,FIESTA~FIESTA 2,53,실제
S17,86,터키 행진곡 -미니멀튠즈-,ORIGINAL,FIESTA~FIESTA 2,54,실제
S17,87,겟 업 (앤 고),ORIGINAL,FIESTA~FIESTA 2,55,실제
S17,88,펌핑 점핑,ORIGINAL,FIESTA~FIESTA 2,58,실제
S17,89,테프리스,ORIGINAL,FIESTA~FIESTA 2,81,실제
S17,90,블레이즈 이모션,ORIGINAL,NX~NXA,1,실제
S17,91,젓가락 변주곡,ORIGINAL,NX~NXA,3,실제
S17,92,디제이 오타다,ORIGINAL,NX~NXA,5,실제
S17,93,케이.오.에이 : 엘리스 인 원더월드,ORIGINAL,NX~NXA,6,실제
S17,94,토카타,ORIGINAL,NX~NXA,8,실제
S17,95,펌트리스 8비트 ver.,ORIGINAL,NX~NXA,16,실제
S17,96,카프리스 오브 오타다,ORIGINAL,NX~NXA,19,실제
S17,97,몽키 핑거즈 2,ORIGINAL,NX~NXA,21,실제
S17,98,패스터 Z,ORIGINAL,NX~NXA,22,실제
S17,99,위치 닥터 #1,ORIGINAL,NX~NXA,29,실제
S17,100,아크 오브 다크니스,ORIGINAL,NX~NXA,30,실제
S17,101,두 유 노우 댓-올드 스쿨,ORIGINAL,NX~NXA,33,실제
S17,102,건락,ORIGINAL,NX~NXA,34,실제
S17,103,투우사의 노래,ORIGINAL,NX~NXA,35,실제
S17,104,미운 오리 새끼,ORIGINAL,NX~NXA,36,실제
S17,105,파이널 오디션 에피소드 2-2,ORIGINAL,NX~NXA,38,실제
S17,106,비트 오브 더 워 2,ORIGINAL,1st~ZERO,5,실제
S17,107,위치 닥터,ORIGINAL,1st~ZERO,7,실제
S17,108,러브 이즈 어 데인저 존 pt.2 어나더,ORIGINAL,1st~ZERO,13,실제
S17,109,캐논 디,ORIGINAL,1st~ZERO,17,실제
S17,110,파이널 오디션 3,ORIGINAL,1st~ZERO,22,실제
S17,111,블레이징,ORIGINAL,1st~ZERO,25,실제
S17,112,비,ORIGINAL,1st~ZERO,29,실제
S17,113,헬로우,ORIGINAL,1st~ZERO,31,실제
S17,114,러브 이즈 어 데인저 존,ORIGINAL,1st~ZERO,37,실제
S17,115,틸 디 엔드 오브 타임,ORIGINAL,1st~ZERO,46,실제
S17,116,치킨 윙,ORIGINAL,1st~ZERO,54,실제
S17,117,라젠스키 캉캉,ORIGINAL,1st~ZERO,55,실제
S17,118,파이널 오디션 에피소드 1,ORIGINAL,1st~ZERO,56,실제
S17,119,롤링 크리스마스,ORIGINAL,1st~ZERO,60,실제
S17,120,올 아이 원트 포 크리스마스,ORIGINAL,1st~ZERO,61,실제
S17,121,베토벤 바이러스,ORIGINAL,1st~ZERO,62,실제
S17,122,무혼,ORIGINAL,1st~ZERO,66,실제
S17,123,터키 행진곡,ORIGINAL,1st~ZERO,70,실제
S17,124,프리덤 다이브,WORLDMUSIC,PHOENIX 2,23,실제
S17,125,바이너리 스타,WORLDMUSIC,PHOENIX,81,실제
S17,126,댓 키티 (PIU Edit.),WORLDMUSIC,PHOENIX,89,실제
S17,127,밀크,WORLDMUSIC,PHOENIX,95,실제
S17,128,어콰이어,WORLDMUSIC,PHOENIX,96,실제
S17,129,앨리스 인 미산트로프,WORLDMUSIC,PHOENIX,101,실제
S17,130,푸파,WORLDMUSIC,PHOENIX,104,실제
S17,131,스테이저,WORLDMUSIC,PHOENIX,105,실제
S17,132,스푸키 마카롱,WORLDMUSIC,PHOENIX,111,실제
S17,133,아라가미,WORLDMUSIC,PHOENIX,112,실제
S17,134,오딘,WORLDMUSIC,PHOENIX,117,실제
S17,135,배틀 넘버원,WORLDMUSIC,PHOENIX,128,실제
S17,136,크로싱 델타,WORLDMUSIC,XX,68,실제
S17,137,클럽 나이트,WORLDMUSIC,XX,69,실제
S17,138,인디스트럭터블,WORLDMUSIC,XX,70,실제
S17,139,크로스 소울,WORLDMUSIC,XX,72,실제
S17,140,컨플릭트,WORLDMUSIC,XX,77,실제
S17,141,"팔랑크스 ""RS2018 edit""",WORLDMUSIC,XX,80,실제
S17,142,글로리아,WORLDMUSIC,XX,84,실제
S17,143,모페모페,WORLDMUSIC,XX,85,실제
S17,144,얼티메이텀,WORLDMUSIC,XX,92,실제
S17,145,시간의 회랑 라비린스,WORLDMUSIC,XX,93,실제
S17,146,스텝,WORLDMUSIC,PRIME 2,41,실제
S17,147,폴른 엔젤,WORLDMUSIC,PRIME 2,44,실제
S17,148,더 레볼루션,WORLDMUSIC,PRIME,50,실제
S17,149,셀피쉬니스,WORLDMUSIC,PRIME,51,실제
S17,150,코스미컬 리듬,WORLDMUSIC,PRIME,52,실제
S17,151,돌리 키스,WORLDMUSIC,PRIME,53,실제
S17,152,필 마이 해피니스,WORLDMUSIC,PRIME,56,실제
S17,153,아클루오이아스,WORLDMUSIC,PRIME,58,실제
S17,154,비디오 아웃 씨,WORLDMUSIC,PRIME,60,실제
S17,155,임프린팅,JMUSIC,PRIME,64,실제
S17,156,배드 애플!! feat. Nomico,JMUSIC,PRIME,68,실제
S17,157,파사칼리아,WORLDMUSIC,FIESTA~FIESTA 2,86,실제
S17,158,바로크 바이러스,WORLDMUSIC,FIESTA~FIESTA 2,87,실제
S17,159,트라이브 어택커,WORLDMUSIC,FIESTA~FIESTA 2,95,실제
S17,160,유토피아,WORLDMUSIC,FIESTA~FIESTA 2,96,실제
S17,161,왓 해픈드,WORLDMUSIC,FIESTA~FIESTA 2,99,실제
S17,162,알레그로 콘 뿌오코,WORLDMUSIC,FIESTA~FIESTA 2,101,실제
S17,163,엑스 레이브,WORLDMUSIC,FIESTA~FIESTA 2,102,실제
S17,164,스멜스 라이크 어 초콜릿,WORLDMUSIC,FIESTA~FIESTA 2,103,실제
S17,165,드림체이서즈,XROSS,PHOENIX 2,24,실제
S17,166,스위트 원더랜드,XROSS,PHOENIX,132,실제
S17,167,오벨리스크,XROSS,XX,96,실제
S17,168,제로아이즈,XROSS,XX,101,실제
S17,169,라이징 스타,XROSS,XX,102,실제
S17,170,오버 더 호라이즌,XROSS,XX,105,실제
S17,171,하우스플랜,XROSS,XX,108,실제
S17,172,유어 마인드,XROSS,XX,109,실제
S17,173,V3,XROSS,PRIME 2,47,실제
S17,174,히페리온,XROSS,PRIME 2,51,실제
S17,175,블랙 드래곤,XROSS,PRIME 2,52,실제
S17,176,사월,XROSS,PRIME 2,58,실제
S17,177,슈퍼 스타일린,XROSS,PRIME 2,59,실제
S17,178,아스테리오스 -리엔트리-,XROSS,PRIME 2,62,실제
S17,179,도나텔로,XROSS,PRIME 2,71,실제
S18,3,뱅 뱅,KPOP,PHOENIX 2,4,실제
S18,4,404 (뉴 에라),KPOP,PHOENIX 2,5,실제
S18,5,조깅,KPOP,XX,1,실제
S18,6,타이밍,KPOP,XX,3,실제
S18,7,날아올라,KPOP,XX,4,실제
S18,8,슬램,KPOP,1st~ZERO,3,실제
S18,9,엔조이 더 쇼,ORIGINAL,PHOENIX 2,8,실제
S18,11,블레이저,ORIGINAL,PHOENIX 2,11,실제
S18,12,B3,ORIGINAL,PHOENIX 2,12,실제
S18,13,디기탈리스,ORIGINAL,PHOENIX 2,13,실제
S18,15,ESP,ORIGINAL,PHOENIX,5,실제
S18,16,벡터,ORIGINAL,PHOENIX,12,실제
S18,17,더 아포칼립스,ORIGINAL,PHOENIX,14,실제
S18,18,할로윈 파티 ~Multiverse~,ORIGINAL,PHOENIX,18,실제
S18,19,꼭두각시,ORIGINAL,PHOENIX,21,실제
S18,20,플레이버 스텝!,ORIGINAL,PHOENIX,22,실제
S18,21,데드 엔드,ORIGINAL,PHOENIX,23,실제
S18,22,1948,ORIGINAL,PHOENIX,28,실제
S18,23,결투,ORIGINAL,PHOENIX,29,실제
S18,24,머독,ORIGINAL,PHOENIX,33,실제
S18,25,"사이먼 세이즈, 유로댄스!! (feat. Sara☆M)",ORIGINAL,PHOENIX,35,실제
S18,26,바버스 매드니스,ORIGINAL,PHOENIX,36,실제
S18,27,프ㄹi마 마테ㄹi아,ORIGINAL,PHOENIX,42,실제
S18,28,임페리움,ORIGINAL,PHOENIX,43,실제
S18,29,초악마황제,ORIGINAL,PHOENIX,46,실제
S18,30,큐리아서티 오버드라이브,ORIGINAL,PHOENIX,47,실제
S18,31,카오스 어게인,ORIGINAL,PHOENIX,52,실제
S18,32,솔브 마이 허트,ORIGINAL,PHOENIX,53,실제
S18,33,글리머 글림,ORIGINAL,PHOENIX,54,실제
S18,34,데카 댄스,ORIGINAL,PHOENIX,56,실제
S18,35,크림슨 후드,ORIGINAL,PHOENIX,66,실제
S18,36,웨딩 크래셔,ORIGINAL,XX,8,실제
S18,37,오블리터레이션,ORIGINAL,XX,10,실제
S18,38,퍼센트 엑스,ORIGINAL,XX,23,실제
S18,39,라 그랑드 루즈,ORIGINAL,XX,25,실제
S18,40,까르멘 버스,ORIGINAL,XX,26,실제
S18,41,아드레날린 블래스터,ORIGINAL,XX,30,실제
S18,42,클레마티스 랩소디아,ORIGINAL,XX,36,실제
S18,43,스타드림 (feat. Romelon),ORIGINAL,XX,39,실제
S18,44,파이어 오브 데스티니,ORIGINAL,XX,42,실제
S18,45,포가튼 뱀파이어,ORIGINAL,XX,44,실제
S18,46,헬파이어,ORIGINAL,PRIME 2,6,실제
S18,47,크로스 오버 feat. LyuU,ORIGINAL,PRIME 2,8,실제
S18,48,갓 모드 feat. skizzo,ORIGINAL,PRIME 2,9,실제
S18,49,퍼더,ORIGINAL,PRIME 2,11,실제
S18,50,실버 비트 feat. ChisaUezono,ORIGINAL,PRIME 2,13,실제
S18,51,가장신자,ORIGINAL,PRIME 2,17,실제
S18,52,오버블로우2,ORIGINAL,PRIME 2,18,실제
S18,53,알레그로 퓨리오소,ORIGINAL,PRIME 2,21,실제
S18,54,앵귀시드 언메이킹,ORIGINAL,PRIME 2,22,실제
S18,55,이스케이프,ORIGINAL,PRIME 2,31,실제
S18,56,하트 어택,ORIGINAL,PRIME 2,33,실제
S18,57,네메시스,ORIGINAL,PRIME,1,실제
S18,58,캇코이,ORIGINAL,PRIME,2,실제
S18,59,실루엣 이펙트,ORIGINAL,PRIME,6,실제
S18,60,차이니즈 레스토랑,ORIGINAL,PRIME,7,실제
S18,61,유 갓 미 크레이지,ORIGINAL,PRIME,11,실제
S18,62,B2,ORIGINAL,PRIME,12,실제
S18,63,메테오라이즈,ORIGINAL,PRIME,13,실제
S18,64,암피트리온,ORIGINAL,PRIME,16,실제
S18,65,레드 스완,ORIGINAL,PRIME,21,실제
S18,66,히아신스,ORIGINAL,PRIME,22,실제
S18,67,설탕음모론,ORIGINAL,PRIME,25,실제
S18,68,모멘트 데이,ORIGINAL,PRIME,36,실제
S18,69,엘리제,ORIGINAL,FIESTA~FIESTA 2,1,실제
S18,70,엑시던트,ORIGINAL,FIESTA~FIESTA 2,7,실제
S18,71,디,ORIGINAL,FIESTA~FIESTA 2,8,실제
S18,72,로그인,ORIGINAL,FIESTA~FIESTA 2,11,실제
S18,73,인터퍼런스,ORIGINAL,FIESTA~FIESTA 2,22,실제
S18,74,리얼리티,ORIGINAL,FIESTA~FIESTA 2,23,실제
S18,75,오버블로우,ORIGINAL,FIESTA~FIESTA 2,26,실제
S18,76,헝가리 무곡 V,ORIGINAL,FIESTA~FIESTA 2,28,실제
S18,77,조나단의 꿈,ORIGINAL,FIESTA~FIESTA 2,42,실제
S18,78,소서리스 엘리제,ORIGINAL,FIESTA~FIESTA 2,44,실제
S18,79,제네시스,ORIGINAL,FIESTA~FIESTA 2,50,실제
S18,80,테크 -클럽 코펜하겐-,ORIGINAL,FIESTA~FIESTA 2,52,실제
S18,81,마이 드림즈,ORIGINAL,NX~NXA,7,실제
S18,82,파이널 오디션 에피소드 2-X,ORIGINAL,NX~NXA,9,실제
S18,83,펌트리스 8비트 ver.,ORIGINAL,NX~NXA,16,실제
S18,84,비트 더 고스트,ORIGINAL,NX~NXA,18,실제
S18,85,펌트리스 꽈뜨로,ORIGINAL,NX~NXA,23,실제
S18,86,위치 닥터 #1,ORIGINAL,NX~NXA,29,실제
S18,87,키메라,ORIGINAL,NX~NXA,31,실제
S18,88,파이널 오디션 에피소드 2-2,ORIGINAL,NX~NXA,38,실제
S18,89,월광,ORIGINAL,1st~ZERO,6,실제
S18,90,팬텀,ORIGINAL,1st~ZERO,9,실제
S18,91,러브 이즈 어 데인저 존 pt.2 어나더,ORIGINAL,1st~ZERO,13,실제
S18,92,무혼 2,ORIGINAL,1st~ZERO,16,실제
S18,93,펌프 미 아마데우스,ORIGINAL,1st~ZERO,26,실제
S18,94,엑스트림,ORIGINAL,1st~ZERO,27,실제
S18,95,디 갱,ORIGINAL,1st~ZERO,30,실제
S18,96,비트 오브 더 워,ORIGINAL,1st~ZERO,32,실제
S18,97,컴 투 미,ORIGINAL,1st~ZERO,33,실제
S18,98,마리아,ORIGINAL,1st~ZERO,38,실제
S18,99,부크,ORIGINAL,1st~ZERO,52,실제
S18,100,무혼,ORIGINAL,1st~ZERO,66,실제
S18,101,파이널 오디션 2,ORIGINAL,1st~ZERO,68,실제
S18,102,파이널 오디션,ORIGINAL,1st~ZERO,79,실제
S18,103,나이트시어터,WORLDMUSIC,PHOENIX 2,21,실제
S18,104,인피니트 에너지 -Overdoze-,WORLDMUSIC,PHOENIX 2,22,실제
S18,105,어바웃 더 유니버스,WORLDMUSIC,PHOENIX,82,실제
S18,106,프렉쳐 텀퍼렐르,WORLDMUSIC,PHOENIX,86,실제
S18,107,카타스트로피,WORLDMUSIC,PHOENIX,87,실제
S18,108,휴먼 익스팅션 (PIU Edit.),WORLDMUSIC,PHOENIX,88,실제
S18,109,굿텍,WORLDMUSIC,PHOENIX,92,실제
S18,110,코스믹 레일로드,WORLDMUSIC,PHOENIX,93,실제
S18,111,에너지 시너지 매트릭스,WORLDMUSIC,PHOENIX,94,실제
S18,112,알테일,WORLDMUSIC,PHOENIX,98,실제
S18,113,이렐리아,WORLDMUSIC,PHOENIX,99,실제
S18,114,러쉬-모어,WORLDMUSIC,PHOENIX,106,실제
S18,115,지젤,WORLDMUSIC,PHOENIX,110,실제
S18,116,할시온,WORLDMUSIC,PHOENIX,113,실제
S18,117,디스트로0ㅣ어,WORLDMUSIC,PHOENIX,114,실제
S18,118,플래시 아웃,WORLDMUSIC,PHOENIX,116,실제
S18,119,비코즈 오브 유,WORLDMUSIC,PHOENIX,118,실제
S18,120,†도프†센시†,WORLDMUSIC,PHOENIX,119,실제
S18,121,팝핀 샤워,WORLDMUSIC,PHOENIX,120,실제
S18,122,브레이크 스루 마이셀프 feat. Risa Yuzuki,WORLDMUSIC,PHOENIX,121,실제
S18,123,얼라이브,WORLDMUSIC,PHOENIX,124,실제
S18,124,트릭크래쉬 220,WORLDMUSIC,PHOENIX,125,실제
S18,125,익스트림 음악학원 1교시  feat. Nanahira,WORLDMUSIC,PHOENIX,126,실제
S18,126,익스트림 음악학원 2교시  feat. Nanahira,WORLDMUSIC,PHOENIX,127,실제
S18,127,솔저스 (TANO*C W TEAM RED ANTHEM),WORLDMUSIC,PHOENIX,129,실제
S18,128,천년이 지나서,WORLDMUSIC,XX,74,실제
S18,129,니힐리즘 - 어나더 버전 -,WORLDMUSIC,XX,79,실제
S18,130,마타도르,WORLDMUSIC,PRIME,54,실제
S18,131,라그나로크,WORLDMUSIC,PRIME,57,실제
S18,132,스타더스트 오버드라이브,WORLDMUSIC,PRIME,61,실제
S18,133,프라임,JMUSIC,PRIME,69,실제
S18,134,퀸 오브 더 레드,JMUSIC,PRIME,70,실제
S18,135,아이디얼라이즈드 로맨스,JMUSIC,PRIME,71,실제
S18,136,VVV,WORLDMUSIC,FIESTA~FIESTA 2,84,실제
S18,137,팝 더 트랙,WORLDMUSIC,FIESTA~FIESTA 2,85,실제
S18,138,하드코어 오브 더 노스,WORLDMUSIC,FIESTA~FIESTA 2,94,실제
S18,139,가고일,WORLDMUSIC,FIESTA~FIESTA 2,100,실제
S18,140,네크로맨시,WORLDMUSIC,FIESTA~FIESTA 2,104,실제
S18,141,슈퍼☆하라구로☆팝,XROSS,PHOENIX 2,25,실제
S18,142,헬리오스피어,XROSS,PHOENIX,131,실제
S18,143,이미지네이션,XROSS,XX,94,실제
S18,144,레이지 오브 파이어,XROSS,XX,97,실제
S18,145,듀얼 레이싱 <레드 vs 블루>,XROSS,XX,98,실제
S18,146,디멘트 ~에프터 레전드~,XROSS,XX,107,실제
S18,147,크로스 타임,XROSS,PRIME 2,48,실제
S18,148,유령의 축제 2 (Sneak),XROSS,PRIME 2,49,실제
S18,149,헬릭스,XROSS,PRIME 2,50,실제
S18,150,타임 어택 <블루>,XROSS,PRIME 2,55,실제
S18,151,매지컬 베케이션,XROSS,PRIME 2,56,실제
S18,152,비주얼 드림 2 (인 픽션),XROSS,PRIME 2,57,실제
S18,153,킵 온!,XROSS,PRIME 2,61,실제
S18,154,라 그랑 블루,XROSS,PRIME 2,63,실제
S18,155,인피니티,XROSS,PRIME 2,64,실제
S18,156,고딕 레조넌스,XROSS,PRIME 2,65,실제
S18,157,베들램,XROSS,PRIME 2,66,실제
S18,158,클루,XROSS,PRIME 2,68,실제
S18,159,레드라인,XROSS,PRIME 2,69,실제
S18,160,킬 뎀!,XROSS,PRIME 2,70,실제
S19,2,풀 문,KPOP,XX,2,실제
S19,3,더 라스트 리벨리온,ORIGINAL,PHOENIX 2,14,실제
S19,4,오버나이트 플라워,ORIGINAL,PHOENIX 2,15,실제
S19,6,사월의 축제,ORIGINAL,PHOENIX,4,실제
S19,7,얼티밋 아이즈,ORIGINAL,PHOENIX,10,실제
S19,8,냥-턴 (feat. KuTiNA),ORIGINAL,PHOENIX,11,실제
S19,9,베르사이유,ORIGINAL,PHOENIX,13,실제
S19,10,유포리아닉,ORIGINAL,PHOENIX,17,실제
S19,11,쥬핀,ORIGINAL,PHOENIX,19,실제
S19,12,그로스,ORIGINAL,PHOENIX,20,실제
S19,13,루시드 드림,ORIGINAL,PHOENIX,24,실제
S19,14,시,ORIGINAL,PHOENIX,25,실제
S19,15,스타드림 -Eurobeat Remix-,ORIGINAL,PHOENIX,27,실제
S19,16,솔페지에토,ORIGINAL,PHOENIX,32,실제
S19,17,리틀 먼치킨,ORIGINAL,PHOENIX,34,실제
S19,18,열정,ORIGINAL,PHOENIX,45,실제
S19,19,소닉 붐,ORIGINAL,PHOENIX,48,실제
S19,20,다크사이드 오브 더 마인드,ORIGINAL,PHOENIX,50,실제
S19,21,E.O.N,ORIGINAL,PHOENIX,51,실제
S19,22,서든 어페어런스 이미지,ORIGINAL,PHOENIX,55,실제
S19,23,뉴 로즈,ORIGINAL,PHOENIX,57,실제
S19,24,헤라클레스,ORIGINAL,PHOENIX,58,실제
S19,25,에렌델,ORIGINAL,PHOENIX,60,실제
S19,26,힘 오브 골든 글로리,ORIGINAL,PHOENIX,61,실제
S19,27,아테나의 방패,ORIGINAL,PHOENIX,62,실제
S19,28,머독 vs 오타다,ORIGINAL,PHOENIX,63,실제
S19,29,이매저너라이즈드 시티,ORIGINAL,PHOENIX,65,실제
S19,30,트란사칼리아,ORIGINAL,XX,11,실제
S19,31,디스트릭트 1,ORIGINAL,XX,15,실제
S19,32,슈가 플럼,ORIGINAL,XX,16,실제
S19,33,텔링 포츈 플라워,ORIGINAL,XX,17,실제
S19,34,니알라토텝,ORIGINAL,XX,18,실제
S19,35,립톤 스트라이크,ORIGINAL,XX,20,실제
S19,36,스켑틱,ORIGINAL,XX,21,실제
S19,37,금혼식,ORIGINAL,XX,24,실제
S19,38,오르비트 스테빌라이저,ORIGINAL,XX,34,실제
S19,39,파괴,ORIGINAL,XX,35,실제
S19,40,캉-캉 ~Orpheus in The Party Mix~,ORIGINAL,XX,40,실제
S19,41,아마겟돈,ORIGINAL,XX,45,실제
S19,42,리펜턴스,ORIGINAL,XX,46,실제
S19,43,더 레버리,ORIGINAL,XX,47,실제
S19,44,시그너스,ORIGINAL,XX,48,실제
S19,45,트로피카닉,ORIGINAL,XX,49,실제
S19,46,슈퍼 카프리시오,ORIGINAL,PRIME 2,5,실제
S19,47,슈브 니구라스,ORIGINAL,PRIME 2,10,실제
S19,48,다람쥐 헌 쳇바퀴에 타고파,ORIGINAL,PRIME 2,12,실제
S19,49,브링 백 더 비트,ORIGINAL,PRIME 2,14,실제
S19,50,브레이크 아웃,ORIGINAL,PRIME 2,15,실제
S19,51,사라반드,ORIGINAL,PRIME 2,16,실제
S19,52,패싱 라이더,ORIGINAL,PRIME 2,19,실제
S19,53,트위스트 오브 페이트 (feat. Ruriling),ORIGINAL,PRIME 2,25,실제
S19,54,트래블 투 퓨처,ORIGINAL,PRIME 2,28,실제
S19,55,어웨이크닝,ORIGINAL,PRIME 2,30,실제
S19,56,왈츠 오브 도지,ORIGINAL,PRIME 2,32,실제
S19,57,아발란치,ORIGINAL,PRIME,8,실제
S19,58,포스 오브 라,ORIGINAL,PRIME,9,실제
S19,59,레퀴엠,ORIGINAL,PRIME,10,실제
S19,60,헤스티아,ORIGINAL,PRIME,15,실제
S19,61,슈퍼 판타지,ORIGINAL,PRIME,19,실제
S19,62,설탕음모론,ORIGINAL,PRIME,25,실제
S19,63,알레그로 피유 모쏘,ORIGINAL,PRIME,26,실제
S19,64,어나이얼레이터 메소드,ORIGINAL,PRIME,27,실제
S19,65,스콜피온 킹,ORIGINAL,PRIME,29,실제
S19,66,레드 스노우,ORIGINAL,PRIME,31,실제
S19,67,로봇 배틀,ORIGINAL,PRIME,34,실제
S19,68,레미니센스,ORIGINAL,PRIME,35,실제
S19,69,라이크 미,ORIGINAL,PRIME,39,실제
S19,70,이그니스 패터스(DM Ashura 믹스),ORIGINAL,FIESTA~FIESTA 2,2,실제
S19,71,에프 에프 에프,ORIGINAL,FIESTA~FIESTA 2,5,실제
S19,72,유 갓 미 락킹,ORIGINAL,FIESTA~FIESTA 2,9,실제
S19,73,루시드(PIU Edit),ORIGINAL,FIESTA~FIESTA 2,10,실제
S19,74,잣,ORIGINAL,FIESTA~FIESTA 2,40,실제
S19,75,유 갓 투 노우,ORIGINAL,FIESTA~FIESTA 2,46,실제
S19,76,데스티네이션,ORIGINAL,FIESTA~FIESTA 2,47,실제
S19,77,진공,ORIGINAL,FIESTA~FIESTA 2,48,실제
S19,78,아리랑,ORIGINAL,FIESTA~FIESTA 2,51,실제
S19,79,안녕 윌리엄,ORIGINAL,FIESTA~FIESTA 2,53,실제
S19,80,미션 파서블 -블로우 백-,ORIGINAL,FIESTA~FIESTA 2,57,실제
S19,81,펌핑 점핑,ORIGINAL,FIESTA~FIESTA 2,58,실제
S19,82,네이팜,ORIGINAL,FIESTA~FIESTA 2,82,실제
S19,83,디제이 오타다,ORIGINAL,NX~NXA,5,실제
S19,84,마이 드림즈,ORIGINAL,NX~NXA,7,실제
S19,85,카프리스 오브 오타다,ORIGINAL,NX~NXA,19,실제
S19,86,패스터 Z,ORIGINAL,NX~NXA,22,실제
S19,87,위치 닥터 #1,ORIGINAL,NX~NXA,29,실제
S19,88,키메라,ORIGINAL,NX~NXA,31,실제
S19,89,파이널 오디션 에피소드 2-1,ORIGINAL,NX~NXA,37,실제
S19,90,위치 닥터,ORIGINAL,1st~ZERO,7,실제
S19,91,팬텀,ORIGINAL,1st~ZERO,9,실제
S19,92,하이 바이,ORIGINAL,1st~ZERO,15,실제
S19,93,비,ORIGINAL,1st~ZERO,29,실제
S19,94,윌 오 더 위스프,ORIGINAL,1st~ZERO,45,실제
S19,95,미스 에스 스토리,ORIGINAL,1st~ZERO,49,실제
S19,96,터키 행진곡,ORIGINAL,1st~ZERO,70,실제
S19,97,파이널 오디션,ORIGINAL,1st~ZERO,79,실제
S19,98,엑스트라바간자,ORIGINAL,1st~ZERO,80,실제
S19,99,크래쉬 랜딩 랑데부,WORLDMUSIC,PHOENIX 2,19,실제
S19,100,콰투오룩스,WORLDMUSIC,PHOENIX 2,20,실제
S19,101,퍼페츄얼,WORLDMUSIC,PHOENIX,83,실제
S19,102,갤럭시 컬랩스,WORLDMUSIC,PHOENIX,85,실제
S19,103,언더월드 ft. Skizzo (PIU Edit.),WORLDMUSIC,PHOENIX,90,실제
S19,104,R.I.P.,WORLDMUSIC,PHOENIX,102,실제
S19,105,에모모모,WORLDMUSIC,PHOENIX,103,실제
S19,106,푸파,WORLDMUSIC,PHOENIX,104,실제
S19,107,스테이저,WORLDMUSIC,PHOENIX,105,실제
S19,108,마히카,WORLDMUSIC,PHOENIX,109,실제
S19,109,아라가미,WORLDMUSIC,PHOENIX,112,실제
S19,110,빅 대디,WORLDMUSIC,PHOENIX,115,실제
S19,111,비옐라의 악몽,WORLDMUSIC,PHOENIX,122,실제
S19,112,쵸빗 플레이버,WORLDMUSIC,PHOENIX,123,실제
S19,113,호랑풍류가,WORLDMUSIC,PHOENIX,130,실제
S19,114,슬랩스틱 파르페,WORLDMUSIC,XX,65,실제
S19,115,페이브 가든,WORLDMUSIC,XX,66,실제
S19,116,클럽 나이트,WORLDMUSIC,XX,69,실제
S19,117,인디스트럭터블,WORLDMUSIC,XX,70,실제
S19,118,브로큰 카르마 (PIU EDIT),WORLDMUSIC,XX,73,실제
S19,119,천년이 지나서,WORLDMUSIC,XX,74,실제
S19,120,프렌드,WORLDMUSIC,XX,76,실제
S19,121,컨플릭트,WORLDMUSIC,XX,77,실제
S19,122,데인저 & 데인저,WORLDMUSIC,XX,78,실제
S19,123,"팔랑크스 ""RS2018 edit""",WORLDMUSIC,XX,80,실제
S19,124,포인트 제로 2,WORLDMUSIC,XX,81,실제
S19,125,브레인 파워,WORLDMUSIC,XX,82,실제
S19,126,라이프 이즈 피아노,WORLDMUSIC,XX,83,실제
S19,127,Re : 엔드 오브 어 드림,WORLDMUSIC,XX,86,실제
S19,128,크로스 레이 (feat. 月下Lia),WORLDMUSIC,XX,87,실제
S19,129,꺼림칙한,WORLDMUSIC,PRIME 2,42,실제
S19,130,폴른 엔젤,WORLDMUSIC,PRIME 2,44,실제
S19,131,더 레볼루션,WORLDMUSIC,PRIME,50,실제
S19,132,밀키 웨이 갤럭시,WORLDMUSIC,PRIME,55,실제
S19,133,서든 로맨스 [PIU Edit],JMUSIC,PRIME,65,실제
S19,134,미토츠다이라,JMUSIC,PRIME,66,실제
S19,135,스마일 다이어리,JMUSIC,PRIME,67,실제
S19,136,배드 애플!! feat. Nomico,JMUSIC,PRIME,68,실제
S19,137,드림 투 나이트메어,WORLDMUSIC,FIESTA~FIESTA 2,83,실제
S19,138,파사칼리아,WORLDMUSIC,FIESTA~FIESTA 2,86,실제
S19,139,스타 커맨드,WORLDMUSIC,FIESTA~FIESTA 2,98,실제
S19,140,이미지네이션,XROSS,XX,94,실제
S19,141,블랙스완,XROSS,XX,95,실제
S19,142,싸이클링!,XROSS,XX,99,실제
S19,143,우라늄,XROSS,XX,100,실제
S19,144,일 더하기 일은 귀요미,XROSS,XX,103,실제
S19,145,헤드리스 치킨,XROSS,XX,104,실제
S19,146,헬릭스,XROSS,PRIME 2,50,실제
S19,147,BS파워 익스플로전,XROSS,PRIME 2,53,실제
S19,148,스타트 온 레드,XROSS,PRIME 2,54,실제
S19,149,아스테리오스 -리엔트리-,XROSS,PRIME 2,62,실제
S19,150,어 사이트 데 라 루,XROSS,PRIME 2,67,실제
S20,3,고민중독,KPOP,PHOENIX 2,2,실제
S20,4,빌려온 고양이,KPOP,PHOENIX 2,3,실제
S20,7,노스텔지어,KPOP,PHOENIX,3,실제
S20,8,날아올라,KPOP,XX,4,실제
S20,9,체이스 미,KPOP,PRIME 2,1,실제
S20,10,굿 나이트,KPOP,PRIME 2,2,실제
S20,11,슬램,KPOP,1st~ZERO,3,실제
S20,12,블레이저,ORIGINAL,PHOENIX 2,11,실제
S20,13,B3,ORIGINAL,PHOENIX 2,12,실제
S20,14,레전더리 도미니언,ORIGINAL,PHOENIX 2,16,실제
S20,15,ESP,ORIGINAL,PHOENIX,5,실제
S20,16,하이웨이 체이서,ORIGINAL,PHOENIX,6,실제
S20,17,이터널 유니버스,ORIGINAL,PHOENIX,7,실제
S20,18,번 아웃,ORIGINAL,PHOENIX,8,실제
S20,19,4NT,ORIGINAL,PHOENIX,9,실제
S20,20,쇼다운,ORIGINAL,PHOENIX,15,실제
S20,21,붐!!,ORIGINAL,PHOENIX,16,실제
S20,22,할로윈 파티 ~Multiverse~,ORIGINAL,PHOENIX,18,실제
S20,23,꼭두각시,ORIGINAL,PHOENIX,21,실제
S20,24,플레이버 스텝!,ORIGINAL,PHOENIX,22,실제
S20,25,루시드 드림,ORIGINAL,PHOENIX,24,실제
S20,26,배니쉬 2 - Roar of the invisible dragon,ORIGINAL,PHOENIX,30,실제
S20,27,라크리모사,ORIGINAL,PHOENIX,31,실제
S20,28,머독,ORIGINAL,PHOENIX,33,실제
S20,29,"사이먼 세이즈, 유로댄스!! (feat. Sara☆M)",ORIGINAL,PHOENIX,35,실제
S20,30,요! 세이!! 페어리!!!,ORIGINAL,PHOENIX,37,실제
S20,31,피가로의 결혼 ~Celebrazione Remix~,ORIGINAL,PHOENIX,38,실제
S20,32,데몬 오브 라플라스,ORIGINAL,PHOENIX,39,실제
S20,33,블루이쉬 로즈,ORIGINAL,PHOENIX,40,실제
S20,34,네오 카타르시스,ORIGINAL,PHOENIX,44,실제
S20,35,초악마황제,ORIGINAL,PHOENIX,46,실제
S20,36,큐리아서티 오버드라이브,ORIGINAL,PHOENIX,47,실제
S20,37,카오스 어게인,ORIGINAL,PHOENIX,52,실제
S20,38,위더 가든,ORIGINAL,PHOENIX,64,실제
S20,39,크림슨 후드,ORIGINAL,PHOENIX,66,실제
S20,40,도플갱어,ORIGINAL,PHOENIX,67,실제
S20,41,야누스,ORIGINAL,XX,13,실제
S20,42,아이 원트 유,ORIGINAL,XX,14,실제
S20,43,아이올라이트 스카이,ORIGINAL,XX,22,실제
S20,44,퍼센트 엑스,ORIGINAL,XX,23,실제
S20,45,아이스 오브 데스,ORIGINAL,XX,28,실제
S20,46,배니쉬,ORIGINAL,XX,31,실제
S20,47,테일즈 오브 펌프니아,ORIGINAL,XX,32,실제
S20,48,김치 핑거즈,ORIGINAL,XX,33,실제
S20,49,위키드 레전드,ORIGINAL,XX,37,실제
S20,50,탄탄멘,ORIGINAL,XX,38,실제
S20,51,파파시토 (feat. KuTiNA),ORIGINAL,XX,41,실제
S20,52,파이어 오브 데스티니,ORIGINAL,XX,42,실제
S20,53,디 엔드 오브 더 월드 ft. Skizzo,ORIGINAL,XX,43,실제
S20,54,트리튬,ORIGINAL,PRIME 2,7,실제
S20,55,갓 모드 feat. skizzo,ORIGINAL,PRIME 2,9,실제
S20,56,아르카나 포스,ORIGINAL,PRIME 2,20,실제
S20,57,우츠시요 노 카제 feat. Kana,ORIGINAL,PRIME 2,23,실제
S20,58,레이브 언틸 디 어스 엔드,ORIGINAL,PRIME 2,29,실제
S20,59,매드 사이언스,ORIGINAL,PRIME,14,실제
S20,60,1950,ORIGINAL,PRIME,24,실제
S20,61,포인트 제로 원,ORIGINAL,PRIME,30,실제
S20,62,러브 이즈 어 데인저 존(Cranky 믹스),ORIGINAL,FIESTA~FIESTA 2,3,실제
S20,63,힙노시스(SynthWulf 믹스),ORIGINAL,FIESTA~FIESTA 2,4,실제
S20,64,로그인,ORIGINAL,FIESTA~FIESTA 2,11,실제
S20,65,마왕,ORIGINAL,FIESTA~FIESTA 2,29,실제
S20,66,네이티브,ORIGINAL,FIESTA~FIESTA 2,30,실제
S20,67,야근,ORIGINAL,FIESTA~FIESTA 2,38,실제
S20,68,엑스트리,ORIGINAL,FIESTA~FIESTA 2,43,실제
S20,69,유 갓 투 노우,ORIGINAL,FIESTA~FIESTA 2,46,실제
S20,70,팬텀 -인터메조-,ORIGINAL,FIESTA~FIESTA 2,56,실제
S20,71,캐논 X.1,ORIGINAL,NX~NXA,2,실제
S20,72,비트 더 고스트,ORIGINAL,NX~NXA,18,실제
S20,73,펌트리스 꽈뜨로,ORIGINAL,NX~NXA,23,실제
S20,74,기타 맨,ORIGINAL,NX~NXA,24,실제
S20,75,히글디 피글디,ORIGINAL,NX~NXA,25,실제
S20,76,건락,ORIGINAL,NX~NXA,34,실제
S20,77,월광,ORIGINAL,1st~ZERO,6,실제
S20,78,캐논 디,ORIGINAL,1st~ZERO,17,실제
S20,79,블레이징,ORIGINAL,1st~ZERO,25,실제
S20,80,러브 이즈 어 데인저 존,ORIGINAL,1st~ZERO,37,실제
S20,81,미션 파서블,ORIGINAL,1st~ZERO,39,실제
S20,82,탑 시티,ORIGINAL,1st~ZERO,43,실제
S20,83,윈터,ORIGINAL,1st~ZERO,44,실제
S20,84,치킨 윙,ORIGINAL,1st~ZERO,54,실제
S20,85,라젠스키 캉캉,ORIGINAL,1st~ZERO,55,실제
S20,86,롤링 크리스마스,ORIGINAL,1st~ZERO,60,실제
S20,87,미스터 라푸스,ORIGINAL,1st~ZERO,67,실제
S20,88,바이너리 스타,WORLDMUSIC,PHOENIX,81,실제
S20,89,어바웃 더 유니버스,WORLDMUSIC,PHOENIX,82,실제
S20,90,댄싱,WORLDMUSIC,PHOENIX,84,실제
S20,91,휴먼 익스팅션 (PIU Edit.),WORLDMUSIC,PHOENIX,88,실제
S20,92,댓 키티 (PIU Edit.),WORLDMUSIC,PHOENIX,89,실제
S20,93,네이드 네이드,WORLDMUSIC,PHOENIX,91,실제
S20,94,에너지 시너지 매트릭스,WORLDMUSIC,PHOENIX,94,실제
S20,95,밀크,WORLDMUSIC,PHOENIX,95,실제
S20,96,진폐증 ft. Kagamine Len/GUMI,WORLDMUSIC,PHOENIX,97,실제
S20,97,굿바운스,WORLDMUSIC,PHOENIX,100,실제
S20,98,앨리스 인 미산트로프,WORLDMUSIC,PHOENIX,101,실제
S20,99,러쉬-아워,WORLDMUSIC,PHOENIX,107,실제
S20,100,* 이 게임은 존재하지 않습니다 *,WORLDMUSIC,PHOENIX,108,실제
S20,101,지젤,WORLDMUSIC,PHOENIX,110,실제
S20,102,스푸키 마카롱,WORLDMUSIC,PHOENIX,111,실제
S20,103,할시온,WORLDMUSIC,PHOENIX,113,실제
S20,104,오딘,WORLDMUSIC,PHOENIX,117,실제
S20,105,익스트림 음악학원 1교시  feat. Nanahira,WORLDMUSIC,PHOENIX,126,실제
S20,106,배틀 넘버원,WORLDMUSIC,PHOENIX,128,실제
S20,107,솔저스 (TANO*C W TEAM RED ANTHEM),WORLDMUSIC,PHOENIX,129,실제
S20,108,크로싱 델타,WORLDMUSIC,XX,68,실제
S20,109,8 6,WORLDMUSIC,XX,71,실제
S20,110,크로스 소울,WORLDMUSIC,XX,72,실제
S20,111,글로리아,WORLDMUSIC,XX,84,실제
S20,112,시간의 회랑 라비린스,WORLDMUSIC,XX,93,실제
S20,113,유토피아,WORLDMUSIC,FIESTA~FIESTA 2,96,실제
S20,114,네크로맨시,WORLDMUSIC,FIESTA~FIESTA 2,104,실제
S20,115,드림체이서즈,XROSS,PHOENIX 2,24,실제
S20,116,슈퍼☆하라구로☆팝,XROSS,PHOENIX 2,25,실제
S20,117,레이지 오브 파이어,XROSS,XX,97,실제
S20,118,듀얼 레이싱 <레드 vs 블루>,XROSS,XX,98,실제
S20,119,오버 더 호라이즌,XROSS,XX,105,실제
S20,120,로키,XROSS,XX,106,실제
S20,121,유령의 축제 2 (Sneak),XROSS,PRIME 2,49,실제
S20,122,사월,XROSS,PRIME 2,58,실제
S20,123,라 그랑 블루,XROSS,PRIME 2,63,실제
S21,2,뱅 뱅,KPOP,PHOENIX 2,4,실제
S21,3,404 (뉴 에라),KPOP,PHOENIX 2,5,실제
S21,4,풀 문,KPOP,XX,2,실제
S21,5,유 앤 아이,KPOP,XX,5,실제
S21,6,디그니티,KPOP,1st~ZERO,2,실제
S21,7,엔조이 더 쇼,ORIGINAL,PHOENIX 2,8,실제
S21,8,응징 레스토랑,ORIGINAL,PHOENIX 2,9,실제
S21,10,디기탈리스,ORIGINAL,PHOENIX 2,13,실제
S21,11,더 라스트 리벨리온,ORIGINAL,PHOENIX 2,14,실제
S21,12,사월의 축제,ORIGINAL,PHOENIX,4,실제
S21,13,베르사이유,ORIGINAL,PHOENIX,13,실제
S21,14,더 아포칼립스,ORIGINAL,PHOENIX,14,실제
S21,15,쥬핀,ORIGINAL,PHOENIX,19,실제
S21,16,그로스,ORIGINAL,PHOENIX,20,실제
S21,17,데드 엔드,ORIGINAL,PHOENIX,23,실제
S21,18,스타드림 -Eurobeat Remix-,ORIGINAL,PHOENIX,27,실제
S21,19,1948,ORIGINAL,PHOENIX,28,실제
S21,20,결투,ORIGINAL,PHOENIX,29,실제
S21,21,솔페지에토,ORIGINAL,PHOENIX,32,실제
S21,22,리틀 먼치킨,ORIGINAL,PHOENIX,34,실제
S21,23,록시아,ORIGINAL,PHOENIX,41,실제
S21,24,프ㄹi마 마테ㄹi아,ORIGINAL,PHOENIX,42,실제
S21,25,소닉 붐,ORIGINAL,PHOENIX,48,실제
S21,26,메가하츠,ORIGINAL,PHOENIX,49,실제
S21,27,카오스 어게인,ORIGINAL,PHOENIX,52,실제
S21,28,솔브 마이 허트,ORIGINAL,PHOENIX,53,실제
S21,29,글리머 글림,ORIGINAL,PHOENIX,54,실제
S21,30,서든 어페어런스 이미지,ORIGINAL,PHOENIX,55,실제
S21,31,데카 댄스,ORIGINAL,PHOENIX,56,실제
S21,32,뉴 로즈,ORIGINAL,PHOENIX,57,실제
S21,33,인베이젼,ORIGINAL,PHOENIX,59,실제
S21,34,아테나의 방패,ORIGINAL,PHOENIX,62,실제
S21,35,이매저너라이즈드 시티,ORIGINAL,PHOENIX,65,실제
S21,36,웨딩 크래셔,ORIGINAL,XX,8,실제
S21,37,1949,ORIGINAL,XX,12,실제
S21,38,텔링 포츈 플라워,ORIGINAL,XX,17,실제
S21,39,니알라토텝,ORIGINAL,XX,18,실제
S21,40,하트 래빗 코스터,ORIGINAL,XX,19,실제
S21,41,립톤 스트라이크,ORIGINAL,XX,20,실제
S21,42,라 그랑드 루즈,ORIGINAL,XX,25,실제
S21,43,까르멘 버스,ORIGINAL,XX,26,실제
S21,44,포세이돈,ORIGINAL,XX,29,실제
S21,45,아드레날린 블래스터,ORIGINAL,XX,30,실제
S21,46,오르비트 스테빌라이저,ORIGINAL,XX,34,실제
S21,47,파괴,ORIGINAL,XX,35,실제
S21,48,스타드림 (feat. Romelon),ORIGINAL,XX,39,실제
S21,49,캉-캉 ~Orpheus in The Party Mix~,ORIGINAL,XX,40,실제
S21,50,더 레버리,ORIGINAL,XX,47,실제
S21,51,시그너스,ORIGINAL,XX,48,실제
S21,52,갓 모드 2.0 feat. Skizzo,ORIGINAL,XX,64,실제
S21,53,슈브 니구라스,ORIGINAL,PRIME 2,10,실제
S21,54,사라반드,ORIGINAL,PRIME 2,16,실제
S21,55,가장신자,ORIGINAL,PRIME 2,17,실제
S21,56,알레그로 퓨리오소,ORIGINAL,PRIME 2,21,실제
S21,57,HTTP,ORIGINAL,PRIME 2,26,실제
S21,58,이스케이프,ORIGINAL,PRIME 2,31,실제
S21,59,요그 소토스,ORIGINAL,PRIME,5,실제
S21,60,리키지 볼티지,ORIGINAL,PRIME,17,실제
S21,61,슈퍼 판타지,ORIGINAL,PRIME,19,실제
S21,62,무브 댓 바디!,ORIGINAL,PRIME,28,실제
S21,63,엘리제,ORIGINAL,FIESTA~FIESTA 2,1,실제
S21,64,러브 이즈 어 데인저 존(Cranky 믹스),ORIGINAL,FIESTA~FIESTA 2,3,실제
S21,65,윈드밀,ORIGINAL,FIESTA~FIESTA 2,12,실제
S21,66,멘탈 라이더,ORIGINAL,FIESTA~FIESTA 2,15,실제
S21,67,클리너,ORIGINAL,FIESTA~FIESTA 2,21,실제
S21,68,테이크 아웃,ORIGINAL,FIESTA~FIESTA 2,24,실제
S21,69,오버블로우,ORIGINAL,FIESTA~FIESTA 2,26,실제
S21,70,데스티네이션,ORIGINAL,FIESTA~FIESTA 2,47,실제
S21,71,진공,ORIGINAL,FIESTA~FIESTA 2,48,실제
S21,72,캐논 X.1,ORIGINAL,NX~NXA,2,실제
S21,73,패스터 Z,ORIGINAL,NX~NXA,22,실제
S21,74,파이널 오디션 에피소드 2-1,ORIGINAL,NX~NXA,37,실제
S21,75,비트 오브 더 워 2,ORIGINAL,1st~ZERO,5,실제
S21,76,위치 닥터,ORIGINAL,1st~ZERO,7,실제
S21,77,캐논 디,ORIGINAL,1st~ZERO,17,실제
S21,78,겟 업!,ORIGINAL,1st~ZERO,28,실제
S21,79,비트 오브 더 워,ORIGINAL,1st~ZERO,32,실제
S21,80,부크,ORIGINAL,1st~ZERO,52,실제
S21,81,파이널 오디션 에피소드 1,ORIGINAL,1st~ZERO,56,실제
S21,82,베토벤 바이러스,ORIGINAL,1st~ZERO,62,실제
S21,83,태동,ORIGINAL,1st~ZERO,69,실제
S21,84,그녀는 피자를 좋아해,ORIGINAL,1st~ZERO,77,실제
S21,85,나이트시어터,WORLDMUSIC,PHOENIX 2,21,실제
S21,86,인피니트 에너지 -Overdoze-,WORLDMUSIC,PHOENIX 2,22,실제
S21,87,퍼페츄얼,WORLDMUSIC,PHOENIX,83,실제
S21,88,프렉쳐 텀퍼렐르,WORLDMUSIC,PHOENIX,86,실제
S21,89,카타스트로피,WORLDMUSIC,PHOENIX,87,실제
S21,90,휴먼 익스팅션 (PIU Edit.),WORLDMUSIC,PHOENIX,88,실제
S21,91,굿텍,WORLDMUSIC,PHOENIX,92,실제
S21,92,코스믹 레일로드,WORLDMUSIC,PHOENIX,93,실제
S21,93,어콰이어,WORLDMUSIC,PHOENIX,96,실제
S21,94,알테일,WORLDMUSIC,PHOENIX,98,실제
S21,95,푸파,WORLDMUSIC,PHOENIX,104,실제
S21,96,빅 대디,WORLDMUSIC,PHOENIX,115,실제
S21,97,플래시 아웃,WORLDMUSIC,PHOENIX,116,실제
S21,98,비코즈 오브 유,WORLDMUSIC,PHOENIX,118,실제
S21,99,†도프†센시†,WORLDMUSIC,PHOENIX,119,실제
S21,100,팝핀 샤워,WORLDMUSIC,PHOENIX,120,실제
S21,101,브레이크 스루 마이셀프 feat. Risa Yuzuki,WORLDMUSIC,PHOENIX,121,실제
S21,102,트릭크래쉬 220,WORLDMUSIC,PHOENIX,125,실제
S21,103,호랑풍류가,WORLDMUSIC,PHOENIX,130,실제
S21,104,팝 시퀀스,WORLDMUSIC,XX,67,실제
S21,105,브로큰 카르마 (PIU EDIT),WORLDMUSIC,XX,73,실제
S21,106,프렌드,WORLDMUSIC,XX,76,실제
S21,107,데인저 & 데인저,WORLDMUSIC,XX,78,실제
S21,108,니힐리즘 - 어나더 버전 -,WORLDMUSIC,XX,79,실제
S21,109,포인트 제로 2,WORLDMUSIC,XX,81,실제
S21,110,모페모페,WORLDMUSIC,XX,85,실제
S21,111,Re : 엔드 오브 어 드림,WORLDMUSIC,XX,86,실제
S21,112,크로스 레이 (feat. 月下Lia),WORLDMUSIC,XX,87,실제
S21,113,얼티메이텀,WORLDMUSIC,XX,92,실제
S21,114,마타도르,WORLDMUSIC,PRIME,54,실제
S21,115,라그나로크,WORLDMUSIC,PRIME,57,실제
S21,116,까랴위사따,WORLDMUSIC,PRIME,59,실제
S21,117,임프린팅,JMUSIC,PRIME,64,실제
S21,118,프라임,JMUSIC,PRIME,69,실제
S21,119,저스트 홀드 온 (To All Fighters),JMUSIC,PRIME,72,실제
S21,120,드림 투 나이트메어,WORLDMUSIC,FIESTA~FIESTA 2,83,실제
S21,121,모노리스,WORLDMUSIC,FIESTA~FIESTA 2,91,실제
S21,122,헬리오스피어,XROSS,PHOENIX,131,실제
S21,123,스위트 원더랜드,XROSS,PHOENIX,132,실제
S21,124,제로아이즈,XROSS,XX,101,실제
S21,125,헤드리스 치킨,XROSS,XX,104,실제
S21,126,로키,XROSS,XX,106,실제
S21,127,디멘트 ~에프터 레전드~,XROSS,XX,107,실제
S21,128,유어 마인드,XROSS,XX,109,실제
S21,129,블랙 드래곤,XROSS,PRIME 2,52,실제
S21,130,BS파워 익스플로전,XROSS,PRIME 2,53,실제
S21,131,킵 온!,XROSS,PRIME 2,61,실제
S21,132,인피니티,XROSS,PRIME 2,64,실제
S21,133,고딕 레조넌스,XROSS,PRIME 2,65,실제
S22,3,고민중독,KPOP,PHOENIX 2,2,실제
S22,4,디그니티,KPOP,1st~ZERO,2,실제
S22,5,블레이저,ORIGINAL,PHOENIX 2,11,실제
S22,6,오버나이트 플라워,ORIGINAL,PHOENIX 2,15,실제
S22,7,레전더리 도미니언,ORIGINAL,PHOENIX 2,16,실제
S22,10,ESP,ORIGINAL,PHOENIX,5,실제
S22,11,4NT,ORIGINAL,PHOENIX,9,실제
S22,12,얼티밋 아이즈,ORIGINAL,PHOENIX,10,실제
S22,13,벡터,ORIGINAL,PHOENIX,12,실제
S22,14,시,ORIGINAL,PHOENIX,25,실제
S22,15,결투,ORIGINAL,PHOENIX,29,실제
S22,16,배니쉬 2 - Roar of the invisible dragon,ORIGINAL,PHOENIX,30,실제
S22,17,솔페지에토,ORIGINAL,PHOENIX,32,실제
S22,18,머독,ORIGINAL,PHOENIX,33,실제
S22,19,바버스 매드니스,ORIGINAL,PHOENIX,36,실제
S22,20,임페리움,ORIGINAL,PHOENIX,43,실제
S22,21,네오 카타르시스,ORIGINAL,PHOENIX,44,실제
S22,22,열정,ORIGINAL,PHOENIX,45,실제
S22,23,초악마황제,ORIGINAL,PHOENIX,46,실제
S22,24,큐리아서티 오버드라이브,ORIGINAL,PHOENIX,47,실제
S22,25,E.O.N,ORIGINAL,PHOENIX,51,실제
S22,26,카오스 어게인,ORIGINAL,PHOENIX,52,실제
S22,27,헤라클레스,ORIGINAL,PHOENIX,58,실제
S22,28,에렌델,ORIGINAL,PHOENIX,60,실제
S22,29,힘 오브 골든 글로리,ORIGINAL,PHOENIX,61,실제
S22,30,머독 vs 오타다,ORIGINAL,PHOENIX,63,실제
S22,31,크림슨 후드,ORIGINAL,PHOENIX,66,실제
S22,32,도플갱어,ORIGINAL,PHOENIX,67,실제
S22,33,스켑틱,ORIGINAL,XX,21,실제
S22,34,금혼식,ORIGINAL,XX,24,실제
S22,35,클레마티스 랩소디아,ORIGINAL,XX,36,실제
S22,36,아마겟돈,ORIGINAL,XX,45,실제
S22,37,헬파이어,ORIGINAL,PRIME 2,6,실제
S22,38,크로스 오버 feat. LyuU,ORIGINAL,PRIME 2,8,실제
S22,39,퍼더,ORIGINAL,PRIME 2,11,실제
S22,40,어웨이크닝,ORIGINAL,PRIME 2,30,실제
S22,41,캇코이,ORIGINAL,PRIME,2,실제
S22,42,아발란치,ORIGINAL,PRIME,8,실제
S22,43,히아신스,ORIGINAL,PRIME,22,실제
S22,44,로봇 배틀,ORIGINAL,PRIME,34,실제
S22,45,이그니스 패터스(DM Ashura 믹스),ORIGINAL,FIESTA~FIESTA 2,2,실제
S22,46,에프 에프 에프,ORIGINAL,FIESTA~FIESTA 2,5,실제
S22,47,소서리스 엘리제,ORIGINAL,FIESTA~FIESTA 2,44,실제
S22,48,아리랑,ORIGINAL,FIESTA~FIESTA 2,51,실제
S22,49,팬텀 -인터메조-,ORIGINAL,FIESTA~FIESTA 2,56,실제
S22,50,네이팜,ORIGINAL,FIESTA~FIESTA 2,82,실제
S22,51,파이널 오디션 에피소드 2-1,ORIGINAL,NX~NXA,37,실제
S22,52,파이널 오디션 에피소드 2-2,ORIGINAL,NX~NXA,38,실제
S22,53,러브 이즈 어 데인저 존 pt.2,ORIGINAL,1st~ZERO,8,실제
S22,54,파파 곤잘레스,ORIGINAL,1st~ZERO,10,실제
S22,55,치킨 윙,ORIGINAL,1st~ZERO,54,실제
S22,56,미스터 라푸스,ORIGINAL,1st~ZERO,67,실제
S22,57,엑스트라바간자,ORIGINAL,1st~ZERO,80,실제
S22,58,크래쉬 랜딩 랑데부,WORLDMUSIC,PHOENIX 2,19,실제
S22,59,콰투오룩스,WORLDMUSIC,PHOENIX 2,20,실제
S22,60,프리덤 다이브,WORLDMUSIC,PHOENIX 2,23,실제
S22,61,언더월드 ft. Skizzo (PIU Edit.),WORLDMUSIC,PHOENIX,90,실제
S22,62,이렐리아,WORLDMUSIC,PHOENIX,99,실제
S22,63,앨리스 인 미산트로프,WORLDMUSIC,PHOENIX,101,실제
S22,64,R.I.P.,WORLDMUSIC,PHOENIX,102,실제
S22,65,러쉬-모어,WORLDMUSIC,PHOENIX,106,실제
S22,66,러쉬-아워,WORLDMUSIC,PHOENIX,107,실제
S22,67,* 이 게임은 존재하지 않습니다 *,WORLDMUSIC,PHOENIX,108,실제
S22,68,마히카,WORLDMUSIC,PHOENIX,109,실제
S22,69,지젤,WORLDMUSIC,PHOENIX,110,실제
S22,70,스푸키 마카롱,WORLDMUSIC,PHOENIX,111,실제
S22,71,아라가미,WORLDMUSIC,PHOENIX,112,실제
S22,72,할시온,WORLDMUSIC,PHOENIX,113,실제
S22,73,디스트로0ㅣ어,WORLDMUSIC,PHOENIX,114,실제
S22,74,쵸빗 플레이버,WORLDMUSIC,PHOENIX,123,실제
S22,75,얼라이브,WORLDMUSIC,PHOENIX,124,실제
S22,76,익스트림 음악학원 2교시  feat. Nanahira,WORLDMUSIC,PHOENIX,127,실제
S22,77,배틀 넘버원,WORLDMUSIC,PHOENIX,128,실제
S22,78,페이브 가든,WORLDMUSIC,XX,66,실제
S22,79,클럽 나이트,WORLDMUSIC,XX,69,실제
S22,80,인디스트럭터블,WORLDMUSIC,XX,70,실제
S22,81,크로스 소울,WORLDMUSIC,XX,72,실제
S22,82,컨플릭트,WORLDMUSIC,XX,77,실제
S22,83,"팔랑크스 ""RS2018 edit""",WORLDMUSIC,XX,80,실제
S22,84,브레인 파워,WORLDMUSIC,XX,82,실제
S22,85,아클루오이아스,WORLDMUSIC,PRIME,58,실제
S22,86,비디오 아웃 씨,WORLDMUSIC,PRIME,60,실제
S22,87,요로피쿠 피쿠요로!,JMUSIC,PRIME,63,실제
S22,88,하드코어 오브 더 노스,WORLDMUSIC,FIESTA~FIESTA 2,94,실제
S22,89,왓 해픈드,WORLDMUSIC,FIESTA~FIESTA 2,99,실제
S22,90,가고일,WORLDMUSIC,FIESTA~FIESTA 2,100,실제
S22,91,알레그로 콘 뿌오코,WORLDMUSIC,FIESTA~FIESTA 2,101,실제
S22,92,슈퍼☆하라구로☆팝,XROSS,PHOENIX 2,25,실제
S22,93,우라늄,XROSS,XX,100,실제
S22,94,베들램,XROSS,PRIME 2,66,실제
S22,95,도나텔로,XROSS,PRIME 2,71,실제
S23,2,굿 나이트,KPOP,PRIME 2,2,실제
S23,3,엔조이 더 쇼,ORIGINAL,PHOENIX 2,8,실제
S23,5,더 라스트 리벨리온,ORIGINAL,PHOENIX 2,14,실제
S23,6,이터널 유니버스,ORIGINAL,PHOENIX,7,실제
S23,7,쥬핀,ORIGINAL,PHOENIX,19,실제
S23,8,그로스,ORIGINAL,PHOENIX,20,실제
S23,9,꼭두각시,ORIGINAL,PHOENIX,21,실제
S23,10,데드 엔드,ORIGINAL,PHOENIX,23,실제
S23,11,추격,ORIGINAL,PHOENIX,26,실제
S23,12,소닉 붐,ORIGINAL,PHOENIX,48,실제
S23,13,메가하츠,ORIGINAL,PHOENIX,49,실제
S23,14,다크사이드 오브 더 마인드,ORIGINAL,PHOENIX,50,실제
S23,15,인베이젼,ORIGINAL,PHOENIX,59,실제
S23,16,1949,ORIGINAL,XX,12,실제
S23,17,텔링 포츈 플라워,ORIGINAL,XX,17,실제
S23,18,니알라토텝,ORIGINAL,XX,18,실제
S23,19,하트 래빗 코스터,ORIGINAL,XX,19,실제
S23,20,아이올라이트 스카이,ORIGINAL,XX,22,실제
S23,21,리펜턴스,ORIGINAL,XX,46,실제
S23,22,다람쥐 헌 쳇바퀴에 타고파,ORIGINAL,PRIME 2,12,실제
S23,23,요그 소토스,ORIGINAL,PRIME,5,실제
S23,24,1950,ORIGINAL,PRIME,24,실제
S23,25,어나이얼레이터 메소드,ORIGINAL,PRIME,27,실제
S23,26,클리너,ORIGINAL,FIESTA~FIESTA 2,21,실제
S23,27,소서리스 엘리제,ORIGINAL,FIESTA~FIESTA 2,44,실제
S23,28,진공,ORIGINAL,FIESTA~FIESTA 2,48,실제
S23,29,키메라,ORIGINAL,NX~NXA,31,실제
S23,30,파이널 오디션 에피소드 2-2,ORIGINAL,NX~NXA,38,실제
S23,31,인피니트 에너지 -Overdoze-,WORLDMUSIC,PHOENIX 2,22,실제
S23,32,갤럭시 컬랩스,WORLDMUSIC,PHOENIX,85,실제
S23,33,카타스트로피,WORLDMUSIC,PHOENIX,87,실제
S23,34,댓 키티 (PIU Edit.),WORLDMUSIC,PHOENIX,89,실제
S23,35,언더월드 ft. Skizzo (PIU Edit.),WORLDMUSIC,PHOENIX,90,실제
S23,36,네이드 네이드,WORLDMUSIC,PHOENIX,91,실제
S23,37,푸파,WORLDMUSIC,PHOENIX,104,실제
S23,38,오딘,WORLDMUSIC,PHOENIX,117,실제
S23,39,†도프†센시†,WORLDMUSIC,PHOENIX,119,실제
S23,40,브레이크 스루 마이셀프 feat. Risa Yuzuki,WORLDMUSIC,PHOENIX,121,실제
S23,41,비옐라의 악몽,WORLDMUSIC,PHOENIX,122,실제
S23,42,트릭크래쉬 220,WORLDMUSIC,PHOENIX,125,실제
S23,43,익스트림 음악학원 1교시  feat. Nanahira,WORLDMUSIC,PHOENIX,126,실제
S23,44,프렌드,WORLDMUSIC,XX,76,실제
S23,45,글로리아,WORLDMUSIC,XX,84,실제
S23,46,모페모페,WORLDMUSIC,XX,85,실제
S23,47,Re : 엔드 오브 어 드림,WORLDMUSIC,XX,86,실제
S23,48,얼티메이텀,WORLDMUSIC,XX,92,실제
S23,49,시간의 회랑 라비린스,WORLDMUSIC,XX,93,실제
S23,50,VVV,WORLDMUSIC,FIESTA~FIESTA 2,84,실제
S23,51,헬리오스피어,XROSS,PHOENIX,131,실제
S23,52,디멘트 ~에프터 레전드~,XROSS,XX,107,실제
S24,2,오버나이트 플라워,ORIGINAL,PHOENIX 2,15,실제
S24,4,1948,ORIGINAL,PHOENIX,28,실제
S24,5,프ㄹi마 마테ㄹi아,ORIGINAL,PHOENIX,42,실제
S24,6,초악마황제,ORIGINAL,PHOENIX,46,실제
S24,7,카오스 어게인,ORIGINAL,PHOENIX,52,실제
S24,8,헤라클레스,ORIGINAL,PHOENIX,58,실제
S24,9,크림슨 후드,ORIGINAL,PHOENIX,66,실제
S24,10,도플갱어,ORIGINAL,PHOENIX,67,실제
S24,11,스켑틱,ORIGINAL,XX,21,실제
S24,12,슈브 니구라스,ORIGINAL,PRIME 2,10,실제
S24,13,퍼더,ORIGINAL,PRIME 2,11,실제
S24,14,이스케이프,ORIGINAL,PRIME 2,31,실제
S24,15,파이널 오디션 에피소드 2-X,ORIGINAL,NX~NXA,9,실제
S24,16,콰투오룩스,WORLDMUSIC,PHOENIX 2,20,실제
S24,17,프렉쳐 텀퍼렐르,WORLDMUSIC,PHOENIX,86,실제
S24,18,휴먼 익스팅션 (PIU Edit.),WORLDMUSIC,PHOENIX,88,실제
S24,19,이렐리아,WORLDMUSIC,PHOENIX,99,실제
S24,20,* 이 게임은 존재하지 않습니다 *,WORLDMUSIC,PHOENIX,108,실제
S24,21,아라가미,WORLDMUSIC,PHOENIX,112,실제
S24,22,익스트림 음악학원 2교시  feat. Nanahira,WORLDMUSIC,PHOENIX,127,실제
S24,23,아클루오이아스,WORLDMUSIC,PRIME,58,실제
S24,24,제로아이즈,XROSS,XX,101,실제
S25,2,레전더리 도미니언,ORIGINAL,PHOENIX 2,16,실제
S25,3,꼭두각시,ORIGINAL,PHOENIX,21,실제
S25,4,데드 엔드,ORIGINAL,PHOENIX,23,실제
S25,5,1948,ORIGINAL,PHOENIX,28,실제
S25,6,네오 카타르시스,ORIGINAL,PHOENIX,44,실제
S25,7,열정,ORIGINAL,PHOENIX,45,실제
S25,8,힘 오브 골든 글로리,ORIGINAL,PHOENIX,61,실제
S25,9,1950,ORIGINAL,PRIME,24,실제
S25,10,프리덤 다이브,WORLDMUSIC,PHOENIX 2,23,실제
S25,11,얼티메이텀,WORLDMUSIC,XX,92,실제
D5,2,포가튼 뱀파이어,ORIGINAL,XX,44,실제
D5,3,유 갓 미 크레이지,ORIGINAL,PRIME,11,실제
D5,4,블레이즈 이모션 (Band version),ORIGINAL,PRIME,23,실제
D5,5,브레이크 잇 다운,ORIGINAL,PRIME,37,실제
D5,6,유 갓 미 락킹,ORIGINAL,FIESTA~FIESTA 2,9,실제
D5,7,롤링 크리스마스,ORIGINAL,1st~ZERO,60,실제
D5,8,스타더스트 오버드라이브,WORLDMUSIC,PRIME,61,실제
D6,2,굿 나이트,KPOP,PRIME 2,2,실제
D6,3,블루이쉬 로즈,ORIGINAL,PHOENIX,40,실제
D6,4,아이 원트 유,ORIGINAL,XX,14,실제
D6,5,트로피카닉,ORIGINAL,XX,49,실제
D6,6,리무버블 디스코,ORIGINAL,PRIME,18,실제
D6,7,유 어게인 마이 러브,ORIGINAL,PRIME,33,실제
D6,8,리얼리티,ORIGINAL,FIESTA~FIESTA 2,23,실제
D6,9,디 갱,ORIGINAL,1st~ZERO,30,실제
D6,10,알테일,WORLDMUSIC,PHOENIX,98,실제
D6,11,돌리 키스,WORLDMUSIC,PRIME,53,실제
D6,12,필 마이 해피니스,WORLDMUSIC,PRIME,56,실제
D6,13,아마이 유우와쿠 데인저러스,JMUSIC,PRIME,62,실제
D6,14,요로피쿠 피쿠요로!,JMUSIC,PRIME,63,실제
D6,15,키티 캣,WORLDMUSIC,FIESTA~FIESTA 2,93,실제
D7,2,빌려온 고양이,KPOP,PHOENIX 2,3,실제
D7,3,조깅,KPOP,XX,1,실제
D7,4,웨딩 크래셔,ORIGINAL,XX,8,실제
D7,5,트란사칼리아,ORIGINAL,XX,11,실제
D7,6,디 엔드 오브 더 월드 ft. Skizzo,ORIGINAL,XX,43,실제
D7,7,설탕음모론,ORIGINAL,PRIME,25,실제
D7,8,여래아,ORIGINAL,FIESTA~FIESTA 2,14,실제
D7,9,위 갓 투 노우,ORIGINAL,FIESTA~FIESTA 2,27,실제
D7,10,포인트 브레이크,ORIGINAL,1st~ZERO,41,실제
D7,11,허쉬,WORLDMUSIC,PRIME 2,43,실제
D7,12,마타도르,WORLDMUSIC,PRIME,54,실제
D7,13,까랴위사따,WORLDMUSIC,PRIME,59,실제
D7,14,매지컬 베케이션,XROSS,PRIME 2,56,실제
D7,15,사월,XROSS,PRIME 2,58,실제
D8,2,스톰,KPOP,PHOENIX,1,실제
D8,3,비행기,KPOP,PHOENIX,2,실제
D8,4,포세이돈,ORIGINAL,XX,29,실제
D8,5,라스트 리버스,ORIGINAL,PRIME 2,4,실제
D8,6,실버 비트 feat. ChisaUezono,ORIGINAL,PRIME 2,13,실제
D8,7,오버블로우2,ORIGINAL,PRIME 2,18,실제
D8,8,버터플라이,ORIGINAL,FIESTA~FIESTA 2,25,실제
D8,9,야근,ORIGINAL,FIESTA~FIESTA 2,38,실제
D8,10,사람들은 몰랐다네,ORIGINAL,NX~NXA,4,실제
D8,11,몽키 핑거즈 2,ORIGINAL,NX~NXA,21,실제
D8,12,히글디 피글디,ORIGINAL,NX~NXA,25,실제
D8,13,미션 파서블,ORIGINAL,1st~ZERO,39,실제
D8,14,올 아이 원트 포 크리스마스,ORIGINAL,1st~ZERO,61,실제
D8,15,라라,WORLDMUSIC,XX,75,실제
D8,16,브레인 파워,WORLDMUSIC,XX,82,실제
D8,17,하우스플랜,XROSS,XX,108,실제
D8,18,아스테리오스 -리엔트리-,XROSS,PRIME 2,62,실제
D9,2,라크리모사,ORIGINAL,PHOENIX,31,실제
D9,3,퍼센트 엑스,ORIGINAL,XX,23,실제
D9,4,갓 모드 feat. skizzo,ORIGINAL,PRIME 2,9,실제
D9,5,브링 백 더 비트,ORIGINAL,PRIME 2,14,실제
D9,6,어웨이크닝,ORIGINAL,PRIME 2,30,실제
D9,7,메테오라이즈,ORIGINAL,PRIME,13,실제
D9,8,매드 사이언스,ORIGINAL,PRIME,14,실제
D9,9,펌핑 점핑,ORIGINAL,FIESTA~FIESTA 2,58,실제
D9,10,건락,ORIGINAL,NX~NXA,34,실제
D9,11,디 갱,ORIGINAL,1st~ZERO,30,실제
D9,12,탑 시티,ORIGINAL,1st~ZERO,43,실제
D9,13,라그나로크,WORLDMUSIC,PRIME,57,실제
D9,14,서든 로맨스 [PIU Edit],JMUSIC,PRIME,65,실제
D9,15,스마일 다이어리,JMUSIC,PRIME,67,실제
D9,16,크리스마스의 기억,XROSS,PRIME 2,60,실제
D10,3,노스텔지어,KPOP,PHOENIX,3,실제
D10,4,날아올라,KPOP,XX,4,실제
D10,5,슬램,KPOP,1st~ZERO,3,실제
D10,6,또다른 진심,KPOP,1st~ZERO,4,실제
D10,7,스위트로닉,ORIGINAL,XX,9,실제
D10,8,오블리터레이션,ORIGINAL,XX,10,실제
D10,9,배니쉬,ORIGINAL,XX,31,실제
D10,10,헬파이어,ORIGINAL,PRIME 2,6,실제
D10,11,트리튬,ORIGINAL,PRIME 2,7,실제
D10,12,패싱 라이더,ORIGINAL,PRIME 2,19,실제
D10,13,아르카나 포스,ORIGINAL,PRIME 2,20,실제
D10,14,앵귀시드 언메이킹,ORIGINAL,PRIME 2,22,실제
D10,15,헤이 유,ORIGINAL,PRIME 2,24,실제
D10,16,트위스트 오브 페이트 (feat. Ruriling),ORIGINAL,PRIME 2,25,실제
D10,17,업 앤 업 (Produced by AWAL),ORIGINAL,PRIME 2,27,실제
D10,18,하트 어택,ORIGINAL,PRIME 2,33,실제
D10,19,엘리시움,ORIGINAL,PRIME,4,실제
D10,20,레퀴엠,ORIGINAL,PRIME,10,실제
D10,21,스콜피온 킹,ORIGINAL,PRIME,29,실제
D10,22,팔로우 미,ORIGINAL,FIESTA~FIESTA 2,13,실제
D10,23,여래아,ORIGINAL,FIESTA~FIESTA 2,14,실제
D10,24,ㅁㄴㅇㄹ,ORIGINAL,FIESTA~FIESTA 2,41,실제
D10,25,겟 유어 그루브 온,ORIGINAL,1st~ZERO,36,실제
D10,26,틸 디 엔드 오브 타임,ORIGINAL,1st~ZERO,46,실제
D10,27,데인저 & 데인저,WORLDMUSIC,XX,78,실제
D10,28,아마이 유우와쿠 데인저러스,JMUSIC,PRIME,62,실제
D10,29,트라이브 어택커,WORLDMUSIC,FIESTA~FIESTA 2,95,실제
D10,30,유어 마인드,XROSS,XX,109,실제
D10,31,V3,XROSS,PRIME 2,47,실제
D10,32,타임 어택 <블루>,XROSS,PRIME 2,55,실제
D10,33,슈퍼 스타일린,XROSS,PRIME 2,59,실제
D10,34,라 그랑 블루,XROSS,PRIME 2,63,실제
D10,35,인피니티,XROSS,PRIME 2,64,실제
D10,36,킬 뎀!,XROSS,PRIME 2,70,실제
D11,4,타이밍,KPOP,XX,3,실제
D11,5,사월의 축제,ORIGINAL,PHOENIX,4,실제
D11,6,쇼다운,ORIGINAL,PHOENIX,15,실제
D11,7,솔페지에토,ORIGINAL,PHOENIX,32,실제
D11,8,리틀 먼치킨,ORIGINAL,PHOENIX,34,실제
D11,9,슈가 플럼,ORIGINAL,XX,16,실제
D11,10,립톤 스트라이크,ORIGINAL,XX,20,실제
D11,11,아이올라이트 스카이,ORIGINAL,XX,22,실제
D11,12,스타드림 (feat. Romelon),ORIGINAL,XX,39,실제
D11,13,파파시토 (feat. KuTiNA),ORIGINAL,XX,41,실제
D11,14,파이어 오브 데스티니,ORIGINAL,XX,42,실제
D11,15,포가튼 뱀파이어,ORIGINAL,XX,44,실제
D11,16,사라반드,ORIGINAL,PRIME 2,16,실제
D11,17,우츠시요 노 카제 feat. Kana,ORIGINAL,PRIME 2,23,실제
D11,18,HTTP,ORIGINAL,PRIME 2,26,실제
D11,19,설탕음모론,ORIGINAL,PRIME,25,실제
D11,20,포인트 제로 원,ORIGINAL,PRIME,30,실제
D11,21,레미니센스,ORIGINAL,PRIME,35,실제
D11,22,모멘트 데이,ORIGINAL,PRIME,36,실제
D11,23,하이퍼큐브,ORIGINAL,PRIME,38,실제
D11,24,러브 이즈 어 데인저 존(Cranky 믹스),ORIGINAL,FIESTA~FIESTA 2,3,실제
D11,25,헝가리 무곡 V,ORIGINAL,FIESTA~FIESTA 2,28,실제
D11,26,네이티브,ORIGINAL,FIESTA~FIESTA 2,30,실제
D11,27,테프리스,ORIGINAL,FIESTA~FIESTA 2,81,실제
D11,28,블레이즈 이모션,ORIGINAL,NX~NXA,1,실제
D11,29,카프리스 오브 오타다,ORIGINAL,NX~NXA,19,실제
D11,30,하이 바이,ORIGINAL,1st~ZERO,15,실제
D11,31,러브 이즈 어 데인저 존,ORIGINAL,1st~ZERO,37,실제
D11,32,위 윌 밋 어게인,ORIGINAL,1st~ZERO,48,실제
D11,33,오! 로사,ORIGINAL,1st~ZERO,63,실제
D11,34,그녀는 피자를 좋아해,ORIGINAL,1st~ZERO,77,실제
D11,35,밀크,WORLDMUSIC,PHOENIX,95,실제
D11,36,라이프 이즈 피아노,WORLDMUSIC,XX,83,실제
D11,37,폴른 엔젤,WORLDMUSIC,PRIME 2,44,실제
D11,38,락 더 하우스,WORLDMUSIC,PRIME,49,실제
D11,39,코스미컬 리듬,WORLDMUSIC,PRIME,52,실제
D11,40,배드 애플!! feat. Nomico,JMUSIC,PRIME,68,실제
D11,41,아이디얼라이즈드 로맨스,JMUSIC,PRIME,71,실제
D11,42,팝 더 트랙,WORLDMUSIC,FIESTA~FIESTA 2,85,실제
D11,43,알레그로 콘 뿌오코,WORLDMUSIC,FIESTA~FIESTA 2,101,실제
D11,44,레이지 오브 파이어,XROSS,XX,97,실제
D11,45,싸이클링!,XROSS,XX,99,실제
D11,46,크로스 타임,XROSS,PRIME 2,48,실제
D11,47,유령의 축제 2 (Sneak),XROSS,PRIME 2,49,실제
D11,48,히페리온,XROSS,PRIME 2,51,실제
D11,49,비주얼 드림 2 (인 픽션),XROSS,PRIME 2,57,실제
D12,2,뱅 뱅,KPOP,PHOENIX 2,4,실제
D12,3,체이스 미,KPOP,PRIME 2,1,실제
D12,4,B3,ORIGINAL,PHOENIX 2,12,실제
D12,5,냥-턴 (feat. KuTiNA),ORIGINAL,PHOENIX,11,실제
D12,6,유포리아닉,ORIGINAL,PHOENIX,17,실제
D12,7,요! 세이!! 페어리!!!,ORIGINAL,PHOENIX,37,실제
D12,8,디스트릭트 1,ORIGINAL,XX,15,실제
D12,9,아이스 오브 데스,ORIGINAL,XX,28,실제
D12,10,아드레날린 블래스터,ORIGINAL,XX,30,실제
D12,11,위키드 레전드,ORIGINAL,XX,37,실제
D12,12,캉-캉 ~Orpheus in The Party Mix~,ORIGINAL,XX,40,실제
D12,13,슈퍼 카프리시오,ORIGINAL,PRIME 2,5,실제
D12,14,가장신자,ORIGINAL,PRIME 2,17,실제
D12,15,왈츠 오브 도지,ORIGINAL,PRIME 2,32,실제
D12,16,네메시스,ORIGINAL,PRIME,1,실제
D12,17,캇코이,ORIGINAL,PRIME,2,실제
D12,18,차이니즈 레스토랑,ORIGINAL,PRIME,7,실제
D12,19,헤스티아,ORIGINAL,PRIME,15,실제
D12,20,슈퍼 판타지,ORIGINAL,PRIME,19,실제
D12,21,바이올렛 퍼퓸,ORIGINAL,PRIME,20,실제
D12,22,레드 스완,ORIGINAL,PRIME,21,실제
D12,23,알레그로 피유 모쏘,ORIGINAL,PRIME,26,실제
D12,24,무브 댓 바디!,ORIGINAL,PRIME,28,실제
D12,25,엘리제,ORIGINAL,FIESTA~FIESTA 2,1,실제
D12,26,유니크,ORIGINAL,FIESTA~FIESTA 2,6,실제
D12,27,로그인,ORIGINAL,FIESTA~FIESTA 2,11,실제
D12,28,오버블로우,ORIGINAL,FIESTA~FIESTA 2,26,실제
D12,29,안녕 윌리엄,ORIGINAL,FIESTA~FIESTA 2,53,실제
D12,30,겟 업 (앤 고),ORIGINAL,FIESTA~FIESTA 2,55,실제
D12,31,투우사의 노래,ORIGINAL,NX~NXA,35,실제
D12,32,파이널 오디션 에피소드 2-1,ORIGINAL,NX~NXA,37,실제
D12,33,월광,ORIGINAL,1st~ZERO,6,실제
D12,34,캐논 디,ORIGINAL,1st~ZERO,17,실제
D12,35,우편마차,ORIGINAL,1st~ZERO,53,실제
D12,36,무혼,ORIGINAL,1st~ZERO,66,실제
D12,37,파이널 오디션 2,ORIGINAL,1st~ZERO,68,실제
D12,38,태동,ORIGINAL,1st~ZERO,69,실제
D12,39,굿텍,WORLDMUSIC,PHOENIX,92,실제
D12,40,에모모모,WORLDMUSIC,PHOENIX,103,실제
D12,41,스테이저,WORLDMUSIC,PHOENIX,105,실제
D12,42,할시온,WORLDMUSIC,PHOENIX,113,실제
D12,43,비코즈 오브 유,WORLDMUSIC,PHOENIX,118,실제
D12,44,호랑풍류가,WORLDMUSIC,PHOENIX,130,실제
D12,45,클럽 나이트,WORLDMUSIC,XX,69,실제
D12,46,프렌드,WORLDMUSIC,XX,76,실제
D12,47,스텝,WORLDMUSIC,PRIME 2,41,실제
D12,48,더 레볼루션,WORLDMUSIC,PRIME,50,실제
D12,49,셀피쉬니스,WORLDMUSIC,PRIME,51,실제
D12,50,미토츠다이라,JMUSIC,PRIME,66,실제
D12,51,슈샤,WORLDMUSIC,FIESTA~FIESTA 2,97,실제
D12,52,스멜스 라이크 어 초콜릿,WORLDMUSIC,FIESTA~FIESTA 2,103,실제
D12,53,오벨리스크,XROSS,XX,96,실제
D12,54,우라늄,XROSS,XX,100,실제
D12,55,라이징 스타,XROSS,XX,102,실제
D12,56,헤드리스 치킨,XROSS,XX,104,실제
D12,57,로키,XROSS,XX,106,실제
D12,58,헬릭스,XROSS,PRIME 2,50,실제
D12,59,블랙 드래곤,XROSS,PRIME 2,52,실제
D12,60,슈퍼 스타일린,XROSS,PRIME 2,59,실제
D12,61,클루,XROSS,PRIME 2,68,실제
D13,2,하이웨이 체이서,ORIGINAL,PHOENIX,6,실제
D13,3,번 아웃,ORIGINAL,PHOENIX,8,실제
D13,4,얼티밋 아이즈,ORIGINAL,PHOENIX,10,실제
D13,5,베르사이유,ORIGINAL,PHOENIX,13,실제
D13,6,더 아포칼립스,ORIGINAL,PHOENIX,14,실제
D13,7,붐!!,ORIGINAL,PHOENIX,16,실제
D13,8,할로윈 파티 ~Multiverse~,ORIGINAL,PHOENIX,18,실제
D13,9,시,ORIGINAL,PHOENIX,25,실제
D13,10,추격,ORIGINAL,PHOENIX,26,실제
D13,11,스타드림 -Eurobeat Remix-,ORIGINAL,PHOENIX,27,실제
D13,12,배니쉬 2 - Roar of the invisible dragon,ORIGINAL,PHOENIX,30,실제
D13,13,"사이먼 세이즈, 유로댄스!! (feat. Sara☆M)",ORIGINAL,PHOENIX,35,실제
D13,14,E.O.N,ORIGINAL,PHOENIX,51,실제
D13,15,위더 가든,ORIGINAL,PHOENIX,64,실제
D13,16,트란사칼리아,ORIGINAL,XX,11,실제
D13,17,텔링 포츈 플라워,ORIGINAL,XX,17,실제
D13,18,하트 래빗 코스터,ORIGINAL,XX,19,실제
D13,19,퍼센트 엑스,ORIGINAL,XX,23,실제
D13,20,금혼식,ORIGINAL,XX,24,실제
D13,21,까르멘 버스,ORIGINAL,XX,26,실제
D13,22,마카롱 데이,ORIGINAL,XX,27,실제
D13,23,배니쉬,ORIGINAL,XX,31,실제
D13,24,클레마티스 랩소디아,ORIGINAL,XX,36,실제
D13,25,탄탄멘,ORIGINAL,XX,38,실제
D13,26,아마겟돈,ORIGINAL,XX,45,실제
D13,27,리펜턴스,ORIGINAL,XX,46,실제
D13,28,더 레버리,ORIGINAL,XX,47,실제
D13,29,시그너스,ORIGINAL,XX,48,실제
D13,30,트로피카닉,ORIGINAL,XX,49,실제
D13,31,갓 모드 2.0 feat. Skizzo,ORIGINAL,XX,64,실제
D13,32,HTTP,ORIGINAL,PRIME 2,26,실제
D13,33,트래블 투 퓨처,ORIGINAL,PRIME 2,28,실제
D13,34,어웨이크닝,ORIGINAL,PRIME 2,30,실제
D13,35,라티노 바이러스,ORIGINAL,PRIME,3,실제
D13,36,실루엣 이펙트,ORIGINAL,PRIME,6,실제
D13,37,아발란치,ORIGINAL,PRIME,8,실제
D13,38,B2,ORIGINAL,PRIME,12,실제
D13,39,암피트리온,ORIGINAL,PRIME,16,실제
D13,40,레드 스노우,ORIGINAL,PRIME,31,실제
D13,41,캄파넬라,ORIGINAL,PRIME,32,실제
D13,42,브레이크 잇 다운,ORIGINAL,PRIME,37,실제
D13,43,라이크 미,ORIGINAL,PRIME,39,실제
D13,44,엑시던트,ORIGINAL,FIESTA~FIESTA 2,7,실제
D13,45,테이크 아웃,ORIGINAL,FIESTA~FIESTA 2,24,실제
D13,46,조나단의 꿈,ORIGINAL,FIESTA~FIESTA 2,42,실제
D13,47,소서리스 엘리제,ORIGINAL,FIESTA~FIESTA 2,44,실제
D13,48,터키 행진곡 -미니멀튠즈-,ORIGINAL,FIESTA~FIESTA 2,54,실제
D13,49,오이 오이 오이,ORIGINAL,1st~ZERO,47,실제
D13,50,롤링 크리스마스,ORIGINAL,1st~ZERO,60,실제
D13,51,베토벤 바이러스,ORIGINAL,1st~ZERO,62,실제
D13,52,터키 행진곡,ORIGINAL,1st~ZERO,70,실제
D13,53,미드나잇 블루,ORIGINAL,1st~ZERO,76,실제
D13,54,댄싱,WORLDMUSIC,PHOENIX,84,실제
D13,55,갤럭시 컬랩스,WORLDMUSIC,PHOENIX,85,실제
D13,56,코스믹 레일로드,WORLDMUSIC,PHOENIX,93,실제
D13,57,에너지 시너지 매트릭스,WORLDMUSIC,PHOENIX,94,실제
D13,58,어콰이어,WORLDMUSIC,PHOENIX,96,실제
D13,59,굿바운스,WORLDMUSIC,PHOENIX,100,실제
D13,60,앨리스 인 미산트로프,WORLDMUSIC,PHOENIX,101,실제
D13,61,플래시 아웃,WORLDMUSIC,PHOENIX,116,실제
D13,62,얼라이브,WORLDMUSIC,PHOENIX,124,실제
D13,63,솔저스 (TANO*C W TEAM RED ANTHEM),WORLDMUSIC,PHOENIX,129,실제
D13,64,슬랩스틱 파르페,WORLDMUSIC,XX,65,실제
D13,65,팝 시퀀스,WORLDMUSIC,XX,67,실제
D13,66,크로스 소울,WORLDMUSIC,XX,72,실제
D13,67,브로큰 카르마 (PIU EDIT),WORLDMUSIC,XX,73,실제
D13,68,컨플릭트,WORLDMUSIC,XX,77,실제
D13,69,"팔랑크스 ""RS2018 edit""",WORLDMUSIC,XX,80,실제
D13,70,락 더 하우스,WORLDMUSIC,PRIME,49,실제
D13,71,밀키 웨이 갤럭시,WORLDMUSIC,PRIME,55,실제
D13,72,라그나로크,WORLDMUSIC,PRIME,57,실제
D13,73,스타더스트 오버드라이브,WORLDMUSIC,PRIME,61,실제
D13,74,프라임,JMUSIC,PRIME,69,실제
D13,75,바로크 바이러스,WORLDMUSIC,FIESTA~FIESTA 2,87,실제
D13,76,유토피아,WORLDMUSIC,FIESTA~FIESTA 2,96,실제
D13,77,엑스 레이브,WORLDMUSIC,FIESTA~FIESTA 2,102,실제
D13,78,듀얼 레이싱 <레드 vs 블루>,XROSS,XX,98,실제
D13,79,일 더하기 일은 귀요미,XROSS,XX,103,실제
D13,80,BS파워 익스플로전,XROSS,PRIME 2,53,실제
D13,81,스타트 온 레드,XROSS,PRIME 2,54,실제
D13,82,매지컬 베케이션,XROSS,PRIME 2,56,실제
D13,83,킵 온!,XROSS,PRIME 2,61,실제
D13,84,고딕 레조넌스,XROSS,PRIME 2,65,실제
D14,2,풀 문,KPOP,XX,2,실제
D14,3,응징 레스토랑,ORIGINAL,PHOENIX 2,9,실제
D14,4,4NT,ORIGINAL,PHOENIX,9,실제
D14,5,쥬핀,ORIGINAL,PHOENIX,19,실제
D14,6,루시드 드림,ORIGINAL,PHOENIX,24,실제
D14,7,결투,ORIGINAL,PHOENIX,29,실제
D14,8,머독,ORIGINAL,PHOENIX,33,실제
D14,9,피가로의 결혼 ~Celebrazione Remix~,ORIGINAL,PHOENIX,38,실제
D14,10,블루이쉬 로즈,ORIGINAL,PHOENIX,40,실제
D14,11,록시아,ORIGINAL,PHOENIX,41,실제
D14,12,소닉 붐,ORIGINAL,PHOENIX,48,실제
D14,13,메가하츠,ORIGINAL,PHOENIX,49,실제
D14,14,글리머 글림,ORIGINAL,PHOENIX,54,실제
D14,15,아테나의 방패,ORIGINAL,PHOENIX,62,실제
D14,16,이매저너라이즈드 시티,ORIGINAL,PHOENIX,65,실제
D14,17,웨딩 크래셔,ORIGINAL,XX,8,실제
D14,18,야누스,ORIGINAL,XX,13,실제
D14,19,아이 원트 유,ORIGINAL,XX,14,실제
D14,20,스켑틱,ORIGINAL,XX,21,실제
D14,21,테일즈 오브 펌프니아,ORIGINAL,XX,32,실제
D14,22,파괴,ORIGINAL,XX,35,실제
D14,23,파파시토 (feat. KuTiNA),ORIGINAL,XX,41,실제
D14,24,포가튼 뱀파이어,ORIGINAL,XX,44,실제
D14,25,라스트 리버스,ORIGINAL,PRIME 2,4,실제
D14,26,트리튬,ORIGINAL,PRIME 2,7,실제
D14,27,실버 비트 feat. ChisaUezono,ORIGINAL,PRIME 2,13,실제
D14,28,브레이크 아웃,ORIGINAL,PRIME 2,15,실제
D14,29,포스 오브 라,ORIGINAL,PRIME,9,실제
D14,30,리키지 볼티지,ORIGINAL,PRIME,17,실제
D14,31,히아신스,ORIGINAL,PRIME,22,실제
D14,32,힙노시스(SynthWulf 믹스),ORIGINAL,FIESTA~FIESTA 2,4,실제
D14,33,디,ORIGINAL,FIESTA~FIESTA 2,8,실제
D14,34,윈드밀,ORIGINAL,FIESTA~FIESTA 2,12,실제
D14,35,인터퍼런스,ORIGINAL,FIESTA~FIESTA 2,22,실제
D14,36,제네시스,ORIGINAL,FIESTA~FIESTA 2,50,실제
D14,37,디제이 오타다,ORIGINAL,NX~NXA,5,실제
D14,38,케이.오.에이 : 엘리스 인 원더월드,ORIGINAL,NX~NXA,6,실제
D14,39,사랑가 2006,ORIGINAL,NX~NXA,32,실제
D14,40,컴 투 미,ORIGINAL,1st~ZERO,33,실제
D14,41,닥터 엠,ORIGINAL,1st~ZERO,34,실제
D14,42,윈터,ORIGINAL,1st~ZERO,44,실제
D14,43,윌 오 더 위스프,ORIGINAL,1st~ZERO,45,실제
D14,44,틸 디 엔드 오브 타임,ORIGINAL,1st~ZERO,46,실제
D14,45,첫사랑,ORIGINAL,1st~ZERO,64,실제
D14,46,사랑가,ORIGINAL,1st~ZERO,65,실제
D14,47,님과 함께,ORIGINAL,1st~ZERO,71,실제
D14,48,퍼페츄얼,WORLDMUSIC,PHOENIX,83,실제
D14,49,러쉬-모어,WORLDMUSIC,PHOENIX,106,실제
D14,50,지젤,WORLDMUSIC,PHOENIX,110,실제
D14,51,오딘,WORLDMUSIC,PHOENIX,117,실제
D14,52,비옐라의 악몽,WORLDMUSIC,PHOENIX,122,실제
D14,53,페이브 가든,WORLDMUSIC,XX,66,실제
D14,54,크로싱 델타,WORLDMUSIC,XX,68,실제
D14,55,천년이 지나서,WORLDMUSIC,XX,74,실제
D14,56,데인저 & 데인저,WORLDMUSIC,XX,78,실제
D14,57,브레인 파워,WORLDMUSIC,XX,82,실제
D14,58,임프린팅,JMUSIC,PRIME,64,실제
D14,59,퀸 오브 더 레드,JMUSIC,PRIME,70,실제
D14,60,모노리스,WORLDMUSIC,FIESTA~FIESTA 2,91,실제
D14,61,가고일,WORLDMUSIC,FIESTA~FIESTA 2,100,실제
D14,62,스위트 원더랜드,XROSS,PHOENIX,132,실제
D14,63,어 사이트 데 라 루,XROSS,PRIME 2,67,실제
D15,3,노스텔지어,KPOP,PHOENIX,3,실제
D15,4,유 앤 아이,KPOP,XX,5,실제
D15,5,사월의 축제,ORIGINAL,PHOENIX,4,실제
D15,6,벡터,ORIGINAL,PHOENIX,12,실제
D15,7,플레이버 스텝!,ORIGINAL,PHOENIX,22,실제
D15,8,라크리모사,ORIGINAL,PHOENIX,31,실제
D15,9,리틀 먼치킨,ORIGINAL,PHOENIX,34,실제
D15,10,데몬 오브 라플라스,ORIGINAL,PHOENIX,39,실제
D15,11,솔브 마이 허트,ORIGINAL,PHOENIX,53,실제
D15,12,헤라클레스,ORIGINAL,PHOENIX,58,실제
D15,13,인베이젼,ORIGINAL,PHOENIX,59,실제
D15,14,에렌델,ORIGINAL,PHOENIX,60,실제
D15,15,도플갱어,ORIGINAL,PHOENIX,67,실제
D15,16,캉-캉 ~Orpheus in The Party Mix~,ORIGINAL,XX,40,실제
D15,17,크로스 오버 feat. LyuU,ORIGINAL,PRIME 2,8,실제
D15,18,퍼더,ORIGINAL,PRIME 2,11,실제
D15,19,오버블로우2,ORIGINAL,PRIME 2,18,실제
D15,20,알레그로 퓨리오소,ORIGINAL,PRIME 2,21,실제
D15,21,레이브 언틸 디 어스 엔드,ORIGINAL,PRIME 2,29,실제
D15,22,캇코이,ORIGINAL,PRIME,2,실제
D15,23,엘리시움,ORIGINAL,PRIME,4,실제
D15,24,바이올렛 퍼퓸,ORIGINAL,PRIME,20,실제
D15,25,로봇 배틀,ORIGINAL,PRIME,34,실제
D15,26,하이퍼큐브,ORIGINAL,PRIME,38,실제
D15,27,루시드(PIU Edit),ORIGINAL,FIESTA~FIESTA 2,10,실제
D15,28,멘탈 라이더,ORIGINAL,FIESTA~FIESTA 2,15,실제
D15,29,마왕,ORIGINAL,FIESTA~FIESTA 2,29,실제
D15,30,야근,ORIGINAL,FIESTA~FIESTA 2,38,실제
D15,31,조나단의 꿈,ORIGINAL,FIESTA~FIESTA 2,42,실제
D15,32,사랑가 -2막-,ORIGINAL,FIESTA~FIESTA 2,45,실제
D15,33,데스티네이션,ORIGINAL,FIESTA~FIESTA 2,47,실제
D15,34,제네시스,ORIGINAL,FIESTA~FIESTA 2,50,실제
D15,35,아리랑,ORIGINAL,FIESTA~FIESTA 2,51,실제
D15,36,캐논 X.1,ORIGINAL,NX~NXA,2,실제
D15,37,토카타,ORIGINAL,NX~NXA,8,실제
D15,38,패스터 Z,ORIGINAL,NX~NXA,22,실제
D15,39,잼 오 비트,ORIGINAL,NX~NXA,26,실제
D15,40,비트 오브 더 워 2,ORIGINAL,1st~ZERO,5,실제
D15,41,팬텀,ORIGINAL,1st~ZERO,9,실제
D15,42,펌프 미 아마데우스,ORIGINAL,1st~ZERO,26,실제
D15,43,엑스트림,ORIGINAL,1st~ZERO,27,실제
D15,44,겟 업!,ORIGINAL,1st~ZERO,28,실제
D15,45,비,ORIGINAL,1st~ZERO,29,실제
D15,46,디 갱,ORIGINAL,1st~ZERO,30,실제
D15,47,컴 투 미,ORIGINAL,1st~ZERO,33,실제
D15,48,포인트 브레이크,ORIGINAL,1st~ZERO,41,실제
D15,49,댄스 위드 미,ORIGINAL,1st~ZERO,51,실제
D15,50,부크,ORIGINAL,1st~ZERO,52,실제
D15,51,파이널 오디션 에피소드 1,ORIGINAL,1st~ZERO,56,실제
D15,52,첫사랑,ORIGINAL,1st~ZERO,64,실제
D15,53,악몽,ORIGINAL,1st~ZERO,73,실제
D15,54,펌핑업,ORIGINAL,1st~ZERO,78,실제
D15,55,엑스트라바간자,ORIGINAL,1st~ZERO,80,실제
D15,56,바이너리 스타,WORLDMUSIC,PHOENIX,81,실제
D15,57,댓 키티 (PIU Edit.),WORLDMUSIC,PHOENIX,89,실제
D15,58,마히카,WORLDMUSIC,PHOENIX,109,실제
D15,59,디스트로0ㅣ어,WORLDMUSIC,PHOENIX,114,실제
D15,60,팝핀 샤워,WORLDMUSIC,PHOENIX,120,실제
D15,61,인디스트럭터블,WORLDMUSIC,XX,70,실제
D15,62,포인트 제로 2,WORLDMUSIC,XX,81,실제
D15,63,크로스 레이 (feat. 月下Lia),WORLDMUSIC,XX,87,실제
D15,64,허쉬,WORLDMUSIC,PRIME 2,43,실제
D15,65,코스미컬 리듬,WORLDMUSIC,PRIME,52,실제
D15,66,아클루오이아스,WORLDMUSIC,PRIME,58,실제
D15,67,비디오 아웃 씨,WORLDMUSIC,PRIME,60,실제
D15,68,아마이 유우와쿠 데인저러스,JMUSIC,PRIME,62,실제
D15,69,서든 로맨스 [PIU Edit],JMUSIC,PRIME,65,실제
D15,70,저스트 홀드 온 (To All Fighters),JMUSIC,PRIME,72,실제
D15,71,파사칼리아,WORLDMUSIC,FIESTA~FIESTA 2,86,실제
D15,72,레이디버그,WORLDMUSIC,FIESTA~FIESTA 2,92,실제
D15,73,키티 캣,WORLDMUSIC,FIESTA~FIESTA 2,93,실제
D15,74,스타 커맨드,WORLDMUSIC,FIESTA~FIESTA 2,98,실제
D15,75,네크로맨시,WORLDMUSIC,FIESTA~FIESTA 2,104,실제
D15,76,블랙스완,XROSS,XX,95,실제
D15,77,오벨리스크,XROSS,XX,96,실제
D15,78,오버 더 호라이즌,XROSS,XX,105,실제
D15,79,크리스마스의 기억,XROSS,PRIME 2,60,실제
D15,80,베들램,XROSS,PRIME 2,66,실제
D16,3,빌려온 고양이,KPOP,PHOENIX 2,3,실제
D16,5,비행기,KPOP,PHOENIX,2,실제
D16,6,조깅,KPOP,XX,1,실제
D16,7,타이밍,KPOP,XX,3,실제
D16,8,날아올라,KPOP,XX,4,실제
D16,9,디기탈리스,ORIGINAL,PHOENIX 2,13,실제
D16,10,ESP,ORIGINAL,PHOENIX,5,실제
D16,11,더 아포칼립스,ORIGINAL,PHOENIX,14,실제
D16,12,쇼다운,ORIGINAL,PHOENIX,15,실제
D16,13,붐!!,ORIGINAL,PHOENIX,16,실제
D16,14,솔페지에토,ORIGINAL,PHOENIX,32,실제
D16,15,바버스 매드니스,ORIGINAL,PHOENIX,36,실제
D16,16,임페리움,ORIGINAL,PHOENIX,43,실제
D16,17,큐리아서티 오버드라이브,ORIGINAL,PHOENIX,47,실제
D16,18,스위트로닉,ORIGINAL,XX,9,실제
D16,19,오블리터레이션,ORIGINAL,XX,10,실제
D16,20,포세이돈,ORIGINAL,XX,29,실제
D16,21,클레마티스 랩소디아,ORIGINAL,XX,36,실제
D16,22,스타드림 (feat. Romelon),ORIGINAL,XX,39,실제
D16,23,파파시토 (feat. KuTiNA),ORIGINAL,XX,41,실제
D16,24,다람쥐 헌 쳇바퀴에 타고파,ORIGINAL,PRIME 2,12,실제
D16,25,매드 사이언스,ORIGINAL,PRIME,14,실제
D16,26,리무버블 디스코,ORIGINAL,PRIME,18,실제
D16,27,설탕음모론,ORIGINAL,PRIME,25,실제
D16,28,어나이얼레이터 메소드,ORIGINAL,PRIME,27,실제
D16,29,스콜피온 킹,ORIGINAL,PRIME,29,실제
D16,30,유 어게인 마이 러브,ORIGINAL,PRIME,33,실제
D16,31,모멘트 데이,ORIGINAL,PRIME,36,실제
D16,32,러브 이즈 어 데인저 존(Cranky 믹스),ORIGINAL,FIESTA~FIESTA 2,3,실제
D16,33,힙노시스(SynthWulf 믹스),ORIGINAL,FIESTA~FIESTA 2,4,실제
D16,34,에프 에프 에프,ORIGINAL,FIESTA~FIESTA 2,5,실제
D16,35,유니크,ORIGINAL,FIESTA~FIESTA 2,6,실제
D16,36,리얼리티,ORIGINAL,FIESTA~FIESTA 2,23,실제
D16,37,두 잇 레게 스타일,ORIGINAL,FIESTA~FIESTA 2,49,실제
D16,38,네이팜,ORIGINAL,FIESTA~FIESTA 2,82,실제
D16,39,젓가락 변주곡,ORIGINAL,NX~NXA,3,실제
D16,40,펌트리스 꽈뜨로,ORIGINAL,NX~NXA,23,실제
D16,41,태동 2,ORIGINAL,1st~ZERO,23,실제
D16,42,마리아,ORIGINAL,1st~ZERO,38,실제
D16,43,마이웨이,ORIGINAL,1st~ZERO,40,실제
D16,44,스트리트 쇼다운,ORIGINAL,1st~ZERO,42,실제
D16,45,우편마차,ORIGINAL,1st~ZERO,53,실제
D16,46,엔,ORIGINAL,1st~ZERO,59,실제
D16,47,올 아이 원트 포 크리스마스,ORIGINAL,1st~ZERO,61,실제
D16,48,태동,ORIGINAL,1st~ZERO,69,실제
D16,49,프리 스타일,ORIGINAL,1st~ZERO,75,실제
D16,50,나이트시어터,WORLDMUSIC,PHOENIX 2,21,실제
D16,51,갤럭시 컬랩스,WORLDMUSIC,PHOENIX,85,실제
D16,52,네이드 네이드,WORLDMUSIC,PHOENIX,91,실제
D16,53,굿텍,WORLDMUSIC,PHOENIX,92,실제
D16,54,밀크,WORLDMUSIC,PHOENIX,95,실제
D16,55,어콰이어,WORLDMUSIC,PHOENIX,96,실제
D16,56,알테일,WORLDMUSIC,PHOENIX,98,실제
D16,57,이렐리아,WORLDMUSIC,PHOENIX,99,실제
D16,58,R.I.P.,WORLDMUSIC,PHOENIX,102,실제
D16,59,푸파,WORLDMUSIC,PHOENIX,104,실제
D16,60,스테이저,WORLDMUSIC,PHOENIX,105,실제
D16,61,스푸키 마카롱,WORLDMUSIC,PHOENIX,111,실제
D16,62,†도프†센시†,WORLDMUSIC,PHOENIX,119,실제
D16,63,배틀 넘버원,WORLDMUSIC,PHOENIX,128,실제
D16,64,호랑풍류가,WORLDMUSIC,PHOENIX,130,실제
D16,65,라라,WORLDMUSIC,XX,75,실제
D16,66,글로리아,WORLDMUSIC,XX,84,실제
D16,67,꺼림칙한,WORLDMUSIC,PRIME 2,42,실제
D16,68,폴른 엔젤,WORLDMUSIC,PRIME 2,44,실제
D16,69,돌리 키스,WORLDMUSIC,PRIME,53,실제
D16,70,마타도르,WORLDMUSIC,PRIME,54,실제
D16,71,스타더스트 오버드라이브,WORLDMUSIC,PRIME,61,실제
D16,72,요로피쿠 피쿠요로!,JMUSIC,PRIME,63,실제
D16,73,미토츠다이라,JMUSIC,PRIME,66,실제
D16,74,프라임,JMUSIC,PRIME,69,실제
D16,75,퀸 오브 더 레드,JMUSIC,PRIME,70,실제
D16,76,하드코어 오브 더 노스,WORLDMUSIC,FIESTA~FIESTA 2,94,실제
D16,77,싸이클링!,XROSS,XX,99,실제
D16,78,하우스플랜,XROSS,XX,108,실제
D16,79,헬릭스,XROSS,PRIME 2,50,실제
D16,80,타임 어택 <블루>,XROSS,PRIME 2,55,실제
D16,81,레드라인,XROSS,PRIME 2,69,실제
D17,2,404 (뉴 에라),KPOP,PHOENIX 2,5,실제
D17,4,스톰,KPOP,PHOENIX,1,실제
D17,5,유 앤 아이,KPOP,XX,5,실제
D17,6,디그니티,KPOP,1st~ZERO,2,실제
D17,7,냥-턴 (feat. KuTiNA),ORIGINAL,PHOENIX,11,실제
D17,8,할로윈 파티 ~Multiverse~,ORIGINAL,PHOENIX,18,실제
D17,9,그로스,ORIGINAL,PHOENIX,20,실제
D17,10,리틀 먼치킨,ORIGINAL,PHOENIX,34,실제
D17,11,프ㄹi마 마테ㄹi아,ORIGINAL,PHOENIX,42,실제
D17,12,카오스 어게인,ORIGINAL,PHOENIX,52,실제
D17,13,서든 어페어런스 이미지,ORIGINAL,PHOENIX,55,실제
D17,14,뉴 로즈,ORIGINAL,PHOENIX,57,실제
D17,15,머독 vs 오타다,ORIGINAL,PHOENIX,63,실제
D17,16,디스트릭트 1,ORIGINAL,XX,15,실제
D17,17,슈가 플럼,ORIGINAL,XX,16,실제
D17,18,니알라토텝,ORIGINAL,XX,18,실제
D17,19,립톤 스트라이크,ORIGINAL,XX,20,실제
D17,20,금혼식,ORIGINAL,XX,24,실제
D17,21,아이스 오브 데스,ORIGINAL,XX,28,실제
D17,22,김치 핑거즈,ORIGINAL,XX,33,실제
D17,23,디 엔드 오브 더 월드 ft. Skizzo,ORIGINAL,XX,43,실제
D17,24,포가튼 뱀파이어,ORIGINAL,XX,44,실제
D17,25,리펜턴스,ORIGINAL,XX,46,실제
D17,26,라스트 리버스,ORIGINAL,PRIME 2,4,실제
D17,27,갓 모드 feat. skizzo,ORIGINAL,PRIME 2,9,실제
D17,28,퍼더,ORIGINAL,PRIME 2,11,실제
D17,29,아르카나 포스,ORIGINAL,PRIME 2,20,실제
D17,30,헤이 유,ORIGINAL,PRIME 2,24,실제
D17,31,트위스트 오브 페이트 (feat. Ruriling),ORIGINAL,PRIME 2,25,실제
D17,32,어웨이크닝,ORIGINAL,PRIME 2,30,실제
D17,33,메테오라이즈,ORIGINAL,PRIME,13,실제
D17,34,포인트 제로 원,ORIGINAL,PRIME,30,실제
D17,35,캄파넬라,ORIGINAL,PRIME,32,실제
D17,36,레미니센스,ORIGINAL,PRIME,35,실제
D17,37,브레이크 잇 다운,ORIGINAL,PRIME,37,실제
D17,38,엘리제,ORIGINAL,FIESTA~FIESTA 2,1,실제
D17,39,이그니스 패터스(DM Ashura 믹스),ORIGINAL,FIESTA~FIESTA 2,2,실제
D17,40,팔로우 미,ORIGINAL,FIESTA~FIESTA 2,13,실제
D17,41,버터플라이,ORIGINAL,FIESTA~FIESTA 2,25,실제
D17,42,헝가리 무곡 V,ORIGINAL,FIESTA~FIESTA 2,28,실제
D17,43,파반느,ORIGINAL,FIESTA~FIESTA 2,39,실제
D17,44,잣,ORIGINAL,FIESTA~FIESTA 2,40,실제
D17,45,ㅁㄴㅇㄹ,ORIGINAL,FIESTA~FIESTA 2,41,실제
D17,46,엑스트리,ORIGINAL,FIESTA~FIESTA 2,43,실제
D17,47,진공,ORIGINAL,FIESTA~FIESTA 2,48,실제
D17,48,테크 -클럽 코펜하겐-,ORIGINAL,FIESTA~FIESTA 2,52,실제
D17,49,팬텀 -인터메조-,ORIGINAL,FIESTA~FIESTA 2,56,실제
D17,50,사람들은 몰랐다네,ORIGINAL,NX~NXA,4,실제
D17,51,머니,ORIGINAL,NX~NXA,20,실제
D17,52,히글디 피글디,ORIGINAL,NX~NXA,25,실제
D17,53,위치 닥터 #1,ORIGINAL,NX~NXA,29,실제
D17,54,미운 오리 새끼,ORIGINAL,NX~NXA,36,실제
D17,55,캐논 디,ORIGINAL,1st~ZERO,17,실제
D17,56,몽키 핑거즈,ORIGINAL,1st~ZERO,24,실제
D17,57,엠페러,ORIGINAL,1st~ZERO,35,실제
D17,58,러브 이즈 어 데인저 존,ORIGINAL,1st~ZERO,37,실제
D17,59,윌 오 더 위스프,ORIGINAL,1st~ZERO,45,실제
D17,60,틸 디 엔드 오브 타임,ORIGINAL,1st~ZERO,46,실제
D17,61,셋 미 업,ORIGINAL,1st~ZERO,50,실제
D17,62,롤링 크리스마스,ORIGINAL,1st~ZERO,60,실제
D17,63,사랑가,ORIGINAL,1st~ZERO,65,실제
D17,64,무혼,ORIGINAL,1st~ZERO,66,실제
D17,65,미스터 라푸스,ORIGINAL,1st~ZERO,67,실제
D17,66,파이널 오디션,ORIGINAL,1st~ZERO,79,실제
D17,67,크래쉬 랜딩 랑데부,WORLDMUSIC,PHOENIX 2,19,실제
D17,68,콰투오룩스,WORLDMUSIC,PHOENIX 2,20,실제
D17,69,댄싱,WORLDMUSIC,PHOENIX,84,실제
D17,70,러쉬-모어,WORLDMUSIC,PHOENIX,106,실제
D17,71,러쉬-아워,WORLDMUSIC,PHOENIX,107,실제
D17,72,아라가미,WORLDMUSIC,PHOENIX,112,실제
D17,73,빅 대디,WORLDMUSIC,PHOENIX,115,실제
D17,74,비코즈 오브 유,WORLDMUSIC,PHOENIX,118,실제
D17,75,브레이크 스루 마이셀프 feat. Risa Yuzuki,WORLDMUSIC,PHOENIX,121,실제
D17,76,쵸빗 플레이버,WORLDMUSIC,PHOENIX,123,실제
D17,77,얼라이브,WORLDMUSIC,PHOENIX,124,실제
D17,78,트릭크래쉬 220,WORLDMUSIC,PHOENIX,125,실제
D17,79,프렌드,WORLDMUSIC,XX,76,실제
D17,80,니힐리즘 - 어나더 버전 -,WORLDMUSIC,XX,79,실제
D17,81,모페모페,WORLDMUSIC,XX,85,실제
D17,82,라그나로크,WORLDMUSIC,PRIME,57,실제
D17,83,아클루오이아스,WORLDMUSIC,PRIME,58,실제
D17,84,까랴위사따,WORLDMUSIC,PRIME,59,실제
D17,85,임프린팅,JMUSIC,PRIME,64,실제
D17,86,스마일 다이어리,JMUSIC,PRIME,67,실제
D17,87,VVV,WORLDMUSIC,FIESTA~FIESTA 2,84,실제
D17,88,모노리스,WORLDMUSIC,FIESTA~FIESTA 2,91,실제
D17,89,트라이브 어택커,WORLDMUSIC,FIESTA~FIESTA 2,95,실제
D17,90,슈샤,WORLDMUSIC,FIESTA~FIESTA 2,97,실제
D17,91,드림체이서즈,XROSS,PHOENIX 2,24,실제
D17,92,슈퍼☆하라구로☆팝,XROSS,PHOENIX 2,25,실제
D17,93,이미지네이션,XROSS,XX,94,실제
D17,94,오벨리스크,XROSS,XX,96,실제
D17,95,레이지 오브 파이어,XROSS,XX,97,실제
D17,96,우라늄,XROSS,XX,100,실제
D17,97,라이징 스타,XROSS,XX,102,실제
D17,98,헤드리스 치킨,XROSS,XX,104,실제
D17,99,크로스 타임,XROSS,PRIME 2,48,실제
D17,100,유령의 축제 2 (Sneak),XROSS,PRIME 2,49,실제
D17,101,블랙 드래곤,XROSS,PRIME 2,52,실제
D17,102,사월,XROSS,PRIME 2,58,실제
D17,103,킵 온!,XROSS,PRIME 2,61,실제
D18,2,고민중독,KPOP,PHOENIX 2,2,실제
D18,3,빌려온 고양이,KPOP,PHOENIX 2,3,실제
D18,4,뱅 뱅,KPOP,PHOENIX 2,4,실제
D18,6,비행기,KPOP,PHOENIX,2,실제
D18,7,노스텔지어,KPOP,PHOENIX,3,실제
D18,8,조깅,KPOP,XX,1,실제
D18,9,체이스 미,KPOP,PRIME 2,1,실제
D18,10,또다른 진심,KPOP,1st~ZERO,4,실제
D18,11,응징 레스토랑,ORIGINAL,PHOENIX 2,9,실제
D18,12,블레이저,ORIGINAL,PHOENIX 2,11,실제
D18,13,B3,ORIGINAL,PHOENIX 2,12,실제
D18,14,오버나이트 플라워,ORIGINAL,PHOENIX 2,15,실제
D18,15,하이웨이 체이서,ORIGINAL,PHOENIX,6,실제
D18,16,더 아포칼립스,ORIGINAL,PHOENIX,14,실제
D18,17,쇼다운,ORIGINAL,PHOENIX,15,실제
D18,18,붐!!,ORIGINAL,PHOENIX,16,실제
D18,19,유포리아닉,ORIGINAL,PHOENIX,17,실제
D18,20,쥬핀,ORIGINAL,PHOENIX,19,실제
D18,21,시,ORIGINAL,PHOENIX,25,실제
D18,22,추격,ORIGINAL,PHOENIX,26,실제
D18,23,스타드림 -Eurobeat Remix-,ORIGINAL,PHOENIX,27,실제
D18,24,결투,ORIGINAL,PHOENIX,29,실제
D18,25,배니쉬 2 - Roar of the invisible dragon,ORIGINAL,PHOENIX,30,실제
D18,26,라크리모사,ORIGINAL,PHOENIX,31,실제
D18,27,요! 세이!! 페어리!!!,ORIGINAL,PHOENIX,37,실제
D18,28,피가로의 결혼 ~Celebrazione Remix~,ORIGINAL,PHOENIX,38,실제
D18,29,블루이쉬 로즈,ORIGINAL,PHOENIX,40,실제
D18,30,초악마황제,ORIGINAL,PHOENIX,46,실제
D18,31,소닉 붐,ORIGINAL,PHOENIX,48,실제
D18,32,메가하츠,ORIGINAL,PHOENIX,49,실제
D18,33,다크사이드 오브 더 마인드,ORIGINAL,PHOENIX,50,실제
D18,34,E.O.N,ORIGINAL,PHOENIX,51,실제
D18,35,데카 댄스,ORIGINAL,PHOENIX,56,실제
D18,36,인베이젼,ORIGINAL,PHOENIX,59,실제
D18,37,위더 가든,ORIGINAL,PHOENIX,64,실제
D18,38,이매저너라이즈드 시티,ORIGINAL,PHOENIX,65,실제
D18,39,크림슨 후드,ORIGINAL,PHOENIX,66,실제
D18,40,도플갱어,ORIGINAL,PHOENIX,67,실제
D18,41,스위트로닉,ORIGINAL,XX,9,실제
D18,42,트란사칼리아,ORIGINAL,XX,11,실제
D18,43,아이 원트 유,ORIGINAL,XX,14,실제
D18,44,하트 래빗 코스터,ORIGINAL,XX,19,실제
D18,45,아이올라이트 스카이,ORIGINAL,XX,22,실제
D18,46,마카롱 데이,ORIGINAL,XX,27,실제
D18,47,배니쉬,ORIGINAL,XX,31,실제
D18,48,테일즈 오브 펌프니아,ORIGINAL,XX,32,실제
D18,49,오르비트 스테빌라이저,ORIGINAL,XX,34,실제
D18,50,위키드 레전드,ORIGINAL,XX,37,실제
D18,51,캉-캉 ~Orpheus in The Party Mix~,ORIGINAL,XX,40,실제
D18,52,파파시토 (feat. KuTiNA),ORIGINAL,XX,41,실제
D18,53,파이어 오브 데스티니,ORIGINAL,XX,42,실제
D18,54,더 레버리,ORIGINAL,XX,47,실제
D18,55,시그너스,ORIGINAL,XX,48,실제
D18,56,트로피카닉,ORIGINAL,XX,49,실제
D18,57,갓 모드 2.0 feat. Skizzo,ORIGINAL,XX,64,실제
D18,58,라스트 리버스,ORIGINAL,PRIME 2,4,실제
D18,59,슈브 니구라스,ORIGINAL,PRIME 2,10,실제
D18,60,브레이크 아웃,ORIGINAL,PRIME 2,15,실제
D18,61,사라반드,ORIGINAL,PRIME 2,16,실제
D18,62,우츠시요 노 카제 feat. Kana,ORIGINAL,PRIME 2,23,실제
D18,63,업 앤 업 (Produced by AWAL),ORIGINAL,PRIME 2,27,실제
D18,64,트래블 투 퓨처,ORIGINAL,PRIME 2,28,실제
D18,65,왈츠 오브 도지,ORIGINAL,PRIME 2,32,실제
D18,66,하트 어택,ORIGINAL,PRIME 2,33,실제
D18,67,요그 소토스,ORIGINAL,PRIME,5,실제
D18,68,레퀴엠,ORIGINAL,PRIME,10,실제
D18,69,유 갓 미 크레이지,ORIGINAL,PRIME,11,실제
D18,70,리키지 볼티지,ORIGINAL,PRIME,17,실제
D18,71,슈퍼 판타지,ORIGINAL,PRIME,19,실제
D18,72,블레이즈 이모션 (Band version),ORIGINAL,PRIME,23,실제
D18,73,무브 댓 바디!,ORIGINAL,PRIME,28,실제
D18,74,레드 스노우,ORIGINAL,PRIME,31,실제
D18,75,모멘트 데이,ORIGINAL,PRIME,36,실제
D18,76,이그니스 패터스(DM Ashura 믹스),ORIGINAL,FIESTA~FIESTA 2,2,실제
D18,77,유니크,ORIGINAL,FIESTA~FIESTA 2,6,실제
D18,78,유 갓 미 락킹,ORIGINAL,FIESTA~FIESTA 2,9,실제
D18,79,윈드밀,ORIGINAL,FIESTA~FIESTA 2,12,실제
D18,80,오버블로우,ORIGINAL,FIESTA~FIESTA 2,26,실제
D18,81,위 갓 투 노우,ORIGINAL,FIESTA~FIESTA 2,27,실제
D18,82,네이티브,ORIGINAL,FIESTA~FIESTA 2,30,실제
D18,83,소서리스 엘리제,ORIGINAL,FIESTA~FIESTA 2,44,실제
D18,84,유 갓 투 노우,ORIGINAL,FIESTA~FIESTA 2,46,실제
D18,85,제네시스,ORIGINAL,FIESTA~FIESTA 2,50,실제
D18,86,터키 행진곡 -미니멀튠즈-,ORIGINAL,FIESTA~FIESTA 2,54,실제
D18,87,블레이즈 이모션,ORIGINAL,NX~NXA,1,실제
D18,88,토카타,ORIGINAL,NX~NXA,8,실제
D18,89,무혼 1.5,ORIGINAL,NX~NXA,17,실제
D18,90,아크 오브 다크니스,ORIGINAL,NX~NXA,30,실제
D18,91,키메라,ORIGINAL,NX~NXA,31,실제
D18,92,건락,ORIGINAL,NX~NXA,34,실제
D18,93,미운 오리 새끼,ORIGINAL,NX~NXA,36,실제
D18,94,러브 이즈 어 데인저 존 pt.2,ORIGINAL,1st~ZERO,8,실제
D18,95,점프,ORIGINAL,1st~ZERO,11,실제
D18,96,제이 봉,ORIGINAL,1st~ZERO,14,실제
D18,97,파이널 오디션 3,ORIGINAL,1st~ZERO,22,실제
D18,98,디 갱,ORIGINAL,1st~ZERO,30,실제
D18,99,마이웨이,ORIGINAL,1st~ZERO,40,실제
D18,100,윈터,ORIGINAL,1st~ZERO,44,실제
D18,101,댄스 위드 미,ORIGINAL,1st~ZERO,51,실제
D18,102,치킨 윙,ORIGINAL,1st~ZERO,54,실제
D18,103,라젠스키 캉캉,ORIGINAL,1st~ZERO,55,실제
D18,104,펌프 점프,ORIGINAL,1st~ZERO,58,실제
D18,105,올 아이 원트 포 크리스마스,ORIGINAL,1st~ZERO,61,실제
D18,106,베토벤 바이러스,ORIGINAL,1st~ZERO,62,실제
D18,107,파이널 오디션 2,ORIGINAL,1st~ZERO,68,실제
D18,108,터키 행진곡,ORIGINAL,1st~ZERO,70,실제
D18,109,님과 함께,ORIGINAL,1st~ZERO,71,실제
D18,110,그녀는 피자를 좋아해,ORIGINAL,1st~ZERO,77,실제
D18,111,엑스트라바간자,ORIGINAL,1st~ZERO,80,실제
D18,112,프리덤 다이브,WORLDMUSIC,PHOENIX 2,23,실제
D18,113,어바웃 더 유니버스,WORLDMUSIC,PHOENIX,82,실제
D18,114,퍼페츄얼,WORLDMUSIC,PHOENIX,83,실제
D18,115,프렉쳐 텀퍼렐르,WORLDMUSIC,PHOENIX,86,실제
D18,116,댓 키티 (PIU Edit.),WORLDMUSIC,PHOENIX,89,실제
D18,117,언더월드 ft. Skizzo (PIU Edit.),WORLDMUSIC,PHOENIX,90,실제
D18,118,굿바운스,WORLDMUSIC,PHOENIX,100,실제
D18,119,앨리스 인 미산트로프,WORLDMUSIC,PHOENIX,101,실제
D18,120,에모모모,WORLDMUSIC,PHOENIX,103,실제
D18,121,스테이저,WORLDMUSIC,PHOENIX,105,실제
D18,122,* 이 게임은 존재하지 않습니다 *,WORLDMUSIC,PHOENIX,108,실제
D18,123,마히카,WORLDMUSIC,PHOENIX,109,실제
D18,124,스푸키 마카롱,WORLDMUSIC,PHOENIX,111,실제
D18,125,오딘,WORLDMUSIC,PHOENIX,117,실제
D18,126,슬랩스틱 파르페,WORLDMUSIC,XX,65,실제
D18,127,페이브 가든,WORLDMUSIC,XX,66,실제
D18,128,크로싱 델타,WORLDMUSIC,XX,68,실제
D18,129,8 6,WORLDMUSIC,XX,71,실제
D18,130,크로스 소울,WORLDMUSIC,XX,72,실제
D18,131,컨플릭트,WORLDMUSIC,XX,77,실제
D18,132,데인저 & 데인저,WORLDMUSIC,XX,78,실제
D18,133,"팔랑크스 ""RS2018 edit""",WORLDMUSIC,XX,80,실제
D18,134,라이프 이즈 피아노,WORLDMUSIC,XX,83,실제
D18,135,글로리아,WORLDMUSIC,XX,84,실제
D18,136,Re : 엔드 오브 어 드림,WORLDMUSIC,XX,86,실제
D18,137,시간의 회랑 라비린스,WORLDMUSIC,XX,93,실제
D18,138,스텝,WORLDMUSIC,PRIME 2,41,실제
D18,139,락 더 하우스,WORLDMUSIC,PRIME,49,실제
D18,140,필 마이 해피니스,WORLDMUSIC,PRIME,56,실제
D18,141,배드 애플!! feat. Nomico,JMUSIC,PRIME,68,실제
D18,142,프라임,JMUSIC,PRIME,69,실제
D18,143,아이디얼라이즈드 로맨스,JMUSIC,PRIME,71,실제
D18,144,팝 더 트랙,WORLDMUSIC,FIESTA~FIESTA 2,85,실제
D18,145,파사칼리아,WORLDMUSIC,FIESTA~FIESTA 2,86,실제
D18,146,바로크 바이러스,WORLDMUSIC,FIESTA~FIESTA 2,87,실제
D18,147,유토피아,WORLDMUSIC,FIESTA~FIESTA 2,96,실제
D18,148,알레그로 콘 뿌오코,WORLDMUSIC,FIESTA~FIESTA 2,101,실제
D18,149,스멜스 라이크 어 초콜릿,WORLDMUSIC,FIESTA~FIESTA 2,103,실제
D18,150,스위트 원더랜드,XROSS,PHOENIX,132,실제
D18,151,제로아이즈,XROSS,XX,101,실제
D18,152,일 더하기 일은 귀요미,XROSS,XX,103,실제
D18,153,오버 더 호라이즌,XROSS,XX,105,실제
D18,154,유어 마인드,XROSS,XX,109,실제
D18,155,V3,XROSS,PRIME 2,47,실제
D18,156,히페리온,XROSS,PRIME 2,51,실제
D18,157,매지컬 베케이션,XROSS,PRIME 2,56,실제
D18,158,슈퍼 스타일린,XROSS,PRIME 2,59,실제
D18,159,아스테리오스 -리엔트리-,XROSS,PRIME 2,62,실제
D18,160,라 그랑 블루,XROSS,PRIME 2,63,실제
D18,161,클루,XROSS,PRIME 2,68,실제
D19,4,스톰,KPOP,PHOENIX,1,실제
D19,5,풀 문,KPOP,XX,2,실제
D19,6,타이밍,KPOP,XX,3,실제
D19,7,날아올라,KPOP,XX,4,실제
D19,8,굿 나이트,KPOP,PRIME 2,2,실제
D19,9,또다른 진심,KPOP,1st~ZERO,4,실제
D19,10,엔조이 더 쇼,ORIGINAL,PHOENIX 2,8,실제
D19,12,사월의 축제,ORIGINAL,PHOENIX,4,실제
D19,13,이터널 유니버스,ORIGINAL,PHOENIX,7,실제
D19,14,벡터,ORIGINAL,PHOENIX,12,실제
D19,15,플레이버 스텝!,ORIGINAL,PHOENIX,22,실제
D19,16,머독,ORIGINAL,PHOENIX,33,실제
D19,17,리틀 먼치킨,ORIGINAL,PHOENIX,34,실제
D19,18,"사이먼 세이즈, 유로댄스!! (feat. Sara☆M)",ORIGINAL,PHOENIX,35,실제
D19,19,바버스 매드니스,ORIGINAL,PHOENIX,36,실제
D19,20,록시아,ORIGINAL,PHOENIX,41,실제
D19,21,솔브 마이 허트,ORIGINAL,PHOENIX,53,실제
D19,22,글리머 글림,ORIGINAL,PHOENIX,54,실제
D19,23,웨딩 크래셔,ORIGINAL,XX,8,실제
D19,24,야누스,ORIGINAL,XX,13,실제
D19,25,퍼센트 엑스,ORIGINAL,XX,23,실제
D19,26,라 그랑드 루즈,ORIGINAL,XX,25,실제
D19,27,아드레날린 블래스터,ORIGINAL,XX,30,실제
D19,28,파괴,ORIGINAL,XX,35,실제
D19,29,클레마티스 랩소디아,ORIGINAL,XX,36,실제
D19,30,스타드림 (feat. Romelon),ORIGINAL,XX,39,실제
D19,31,파파시토 (feat. KuTiNA),ORIGINAL,XX,41,실제
D19,32,헬파이어,ORIGINAL,PRIME 2,6,실제
D19,33,트리튬,ORIGINAL,PRIME 2,7,실제
D19,34,크로스 오버 feat. LyuU,ORIGINAL,PRIME 2,8,실제
D19,35,실버 비트 feat. ChisaUezono,ORIGINAL,PRIME 2,13,실제
D19,36,브링 백 더 비트,ORIGINAL,PRIME 2,14,실제
D19,37,가장신자,ORIGINAL,PRIME 2,17,실제
D19,38,오버블로우2,ORIGINAL,PRIME 2,18,실제
D19,39,앵귀시드 언메이킹,ORIGINAL,PRIME 2,22,실제
D19,40,레이브 언틸 디 어스 엔드,ORIGINAL,PRIME 2,29,실제
D19,41,캇코이,ORIGINAL,PRIME,2,실제
D19,42,라티노 바이러스,ORIGINAL,PRIME,3,실제
D19,43,차이니즈 레스토랑,ORIGINAL,PRIME,7,실제
D19,44,아발란치,ORIGINAL,PRIME,8,실제
D19,45,B2,ORIGINAL,PRIME,12,실제
D19,46,메테오라이즈,ORIGINAL,PRIME,13,실제
D19,47,슈퍼 판타지,ORIGINAL,PRIME,19,실제
D19,48,바이올렛 퍼퓸,ORIGINAL,PRIME,20,실제
D19,49,알레그로 피유 모쏘,ORIGINAL,PRIME,26,실제
D19,50,로봇 배틀,ORIGINAL,PRIME,34,실제
D19,51,하이퍼큐브,ORIGINAL,PRIME,38,실제
D19,52,힙노시스(SynthWulf 믹스),ORIGINAL,FIESTA~FIESTA 2,4,실제
D19,53,디,ORIGINAL,FIESTA~FIESTA 2,8,실제
D19,54,로그인,ORIGINAL,FIESTA~FIESTA 2,11,실제
D19,55,인터퍼런스,ORIGINAL,FIESTA~FIESTA 2,22,실제
D19,56,오버블로우,ORIGINAL,FIESTA~FIESTA 2,26,실제
D19,57,조나단의 꿈,ORIGINAL,FIESTA~FIESTA 2,42,실제
D19,58,겟 업 (앤 고),ORIGINAL,FIESTA~FIESTA 2,55,실제
D19,59,펌핑 점핑,ORIGINAL,FIESTA~FIESTA 2,58,실제
D19,60,블레이즈 이모션,ORIGINAL,NX~NXA,1,실제
D19,61,케이.오.에이 : 엘리스 인 원더월드,ORIGINAL,NX~NXA,6,실제
D19,62,마이 드림즈,ORIGINAL,NX~NXA,7,실제
D19,63,카프리스 오브 오타다,ORIGINAL,NX~NXA,19,실제
D19,64,몽키 핑거즈 2,ORIGINAL,NX~NXA,21,실제
D19,65,기타 맨,ORIGINAL,NX~NXA,24,실제
D19,66,투우사의 노래,ORIGINAL,NX~NXA,35,실제
D19,67,파이널 오디션 에피소드 2-2,ORIGINAL,NX~NXA,38,실제
D19,68,위치 닥터,ORIGINAL,1st~ZERO,7,실제
D19,69,파파 곤잘레스,ORIGINAL,1st~ZERO,10,실제
D19,70,파이널 오디션 3,ORIGINAL,1st~ZERO,22,실제
D19,71,펌프 미 아마데우스,ORIGINAL,1st~ZERO,26,실제
D19,72,겟 업!,ORIGINAL,1st~ZERO,28,실제
D19,73,헬로우,ORIGINAL,1st~ZERO,31,실제
D19,74,닥터 엠,ORIGINAL,1st~ZERO,34,실제
D19,75,스트리트 쇼다운,ORIGINAL,1st~ZERO,42,실제
D19,76,미스 에스 스토리,ORIGINAL,1st~ZERO,49,실제
D19,77,미스터 라푸스,ORIGINAL,1st~ZERO,67,실제
D19,78,파이널 오디션,ORIGINAL,1st~ZERO,79,실제
D19,79,나이트시어터,WORLDMUSIC,PHOENIX 2,21,실제
D19,80,인피니트 에너지 -Overdoze-,WORLDMUSIC,PHOENIX 2,22,실제
D19,81,바이너리 스타,WORLDMUSIC,PHOENIX,81,실제
D19,82,코스믹 레일로드,WORLDMUSIC,PHOENIX,93,실제
D19,83,에너지 시너지 매트릭스,WORLDMUSIC,PHOENIX,94,실제
D19,84,밀크,WORLDMUSIC,PHOENIX,95,실제
D19,85,어콰이어,WORLDMUSIC,PHOENIX,96,실제
D19,86,알테일,WORLDMUSIC,PHOENIX,98,실제
D19,87,이렐리아,WORLDMUSIC,PHOENIX,99,실제
D19,88,러쉬-모어,WORLDMUSIC,PHOENIX,106,실제
D19,89,플래시 아웃,WORLDMUSIC,PHOENIX,116,실제
D19,90,†도프†센시†,WORLDMUSIC,PHOENIX,119,실제
D19,91,팝핀 샤워,WORLDMUSIC,PHOENIX,120,실제
D19,92,익스트림 음악학원 2교시  feat. Nanahira,WORLDMUSIC,PHOENIX,127,실제
D19,93,솔저스 (TANO*C W TEAM RED ANTHEM),WORLDMUSIC,PHOENIX,129,실제
D19,94,팝 시퀀스,WORLDMUSIC,XX,67,실제
D19,95,클럽 나이트,WORLDMUSIC,XX,69,실제
D19,96,니힐리즘 - 어나더 버전 -,WORLDMUSIC,XX,79,실제
D19,97,모페모페,WORLDMUSIC,XX,85,실제
D19,98,더 레볼루션,WORLDMUSIC,PRIME,50,실제
D19,99,셀피쉬니스,WORLDMUSIC,PRIME,51,실제
D19,100,코스미컬 리듬,WORLDMUSIC,PRIME,52,실제
D19,101,마타도르,WORLDMUSIC,PRIME,54,실제
D19,102,스타더스트 오버드라이브,WORLDMUSIC,PRIME,61,실제
D19,103,서든 로맨스 [PIU Edit],JMUSIC,PRIME,65,실제
D19,104,미토츠다이라,JMUSIC,PRIME,66,실제
D19,105,스마일 다이어리,JMUSIC,PRIME,67,실제
D19,106,퀸 오브 더 레드,JMUSIC,PRIME,70,실제
D19,107,저스트 홀드 온 (To All Fighters),JMUSIC,PRIME,72,실제
D19,108,왓 해픈드,WORLDMUSIC,FIESTA~FIESTA 2,99,실제
D19,109,네크로맨시,WORLDMUSIC,FIESTA~FIESTA 2,104,실제
D19,110,레이지 오브 파이어,XROSS,XX,97,실제
D19,111,듀얼 레이싱 <레드 vs 블루>,XROSS,XX,98,실제
D19,112,라이징 스타,XROSS,XX,102,실제
D19,113,하우스플랜,XROSS,XX,108,실제
D19,114,헬릭스,XROSS,PRIME 2,50,실제
D19,115,블랙 드래곤,XROSS,PRIME 2,52,실제
D19,116,스타트 온 레드,XROSS,PRIME 2,54,실제
D19,117,비주얼 드림 2 (인 픽션),XROSS,PRIME 2,57,실제
D19,118,인피니티,XROSS,PRIME 2,64,실제
D19,119,레드라인,XROSS,PRIME 2,69,실제
D19,120,킬 뎀!,XROSS,PRIME 2,70,실제
D19,121,도나텔로,XROSS,PRIME 2,71,실제
D20,2,뱅 뱅,KPOP,PHOENIX 2,4,실제
D20,3,404 (뉴 에라),KPOP,PHOENIX 2,5,실제
D20,5,유 앤 아이,KPOP,XX,5,실제
D20,6,디그니티,KPOP,1st~ZERO,2,실제
D20,7,블레이저,ORIGINAL,PHOENIX 2,11,실제
D20,8,오버나이트 플라워,ORIGINAL,PHOENIX 2,15,실제
D20,10,ESP,ORIGINAL,PHOENIX,5,실제
D20,11,번 아웃,ORIGINAL,PHOENIX,8,실제
D20,12,4NT,ORIGINAL,PHOENIX,9,실제
D20,13,베르사이유,ORIGINAL,PHOENIX,13,실제
D20,14,더 아포칼립스,ORIGINAL,PHOENIX,14,실제
D20,15,그로스,ORIGINAL,PHOENIX,20,실제
D20,16,꼭두각시,ORIGINAL,PHOENIX,21,실제
D20,17,루시드 드림,ORIGINAL,PHOENIX,24,실제
D20,18,시,ORIGINAL,PHOENIX,25,실제
D20,19,스타드림 -Eurobeat Remix-,ORIGINAL,PHOENIX,27,실제
D20,20,솔페지에토,ORIGINAL,PHOENIX,32,실제
D20,21,데몬 오브 라플라스,ORIGINAL,PHOENIX,39,실제
D20,22,임페리움,ORIGINAL,PHOENIX,43,실제
D20,23,데카 댄스,ORIGINAL,PHOENIX,56,실제
D20,24,뉴 로즈,ORIGINAL,PHOENIX,57,실제
D20,25,헤라클레스,ORIGINAL,PHOENIX,58,실제
D20,26,아테나의 방패,ORIGINAL,PHOENIX,62,실제
D20,27,이매저너라이즈드 시티,ORIGINAL,PHOENIX,65,실제
D20,28,오블리터레이션,ORIGINAL,XX,10,실제
D20,29,트란사칼리아,ORIGINAL,XX,11,실제
D20,30,슈가 플럼,ORIGINAL,XX,16,실제
D20,31,텔링 포츈 플라워,ORIGINAL,XX,17,실제
D20,32,니알라토텝,ORIGINAL,XX,18,실제
D20,33,금혼식,ORIGINAL,XX,24,실제
D20,34,까르멘 버스,ORIGINAL,XX,26,실제
D20,35,아이스 오브 데스,ORIGINAL,XX,28,실제
D20,36,탄탄멘,ORIGINAL,XX,38,실제
D20,37,포가튼 뱀파이어,ORIGINAL,XX,44,실제
D20,38,리펜턴스,ORIGINAL,XX,46,실제
D20,39,시그너스,ORIGINAL,XX,48,실제
D20,40,갓 모드 2.0 feat. Skizzo,ORIGINAL,XX,64,실제
D20,41,슈퍼 카프리시오,ORIGINAL,PRIME 2,5,실제
D20,42,패싱 라이더,ORIGINAL,PRIME 2,19,실제
D20,43,아르카나 포스,ORIGINAL,PRIME 2,20,실제
D20,44,알레그로 퓨리오소,ORIGINAL,PRIME 2,21,실제
D20,45,HTTP,ORIGINAL,PRIME 2,26,실제
D20,46,어웨이크닝,ORIGINAL,PRIME 2,30,실제
D20,47,이스케이프,ORIGINAL,PRIME 2,31,실제
D20,48,왈츠 오브 도지,ORIGINAL,PRIME 2,32,실제
D20,49,네메시스,ORIGINAL,PRIME,1,실제
D20,50,실루엣 이펙트,ORIGINAL,PRIME,6,실제
D20,51,아발란치,ORIGINAL,PRIME,8,실제
D20,52,포스 오브 라,ORIGINAL,PRIME,9,실제
D20,53,레드 스완,ORIGINAL,PRIME,21,실제
D20,54,히아신스,ORIGINAL,PRIME,22,실제
D20,55,설탕음모론,ORIGINAL,PRIME,25,실제
D20,56,어나이얼레이터 메소드,ORIGINAL,PRIME,27,실제
D20,57,스콜피온 킹,ORIGINAL,PRIME,29,실제
D20,58,레미니센스,ORIGINAL,PRIME,35,실제
D20,59,라이크 미,ORIGINAL,PRIME,39,실제
D20,60,러브 이즈 어 데인저 존(Cranky 믹스),ORIGINAL,FIESTA~FIESTA 2,3,실제
D20,61,엑시던트,ORIGINAL,FIESTA~FIESTA 2,7,실제
D20,62,디,ORIGINAL,FIESTA~FIESTA 2,8,실제
D20,63,루시드(PIU Edit),ORIGINAL,FIESTA~FIESTA 2,10,실제
D20,64,멘탈 라이더,ORIGINAL,FIESTA~FIESTA 2,15,실제
D20,65,클리너,ORIGINAL,FIESTA~FIESTA 2,21,실제
D20,66,테이크 아웃,ORIGINAL,FIESTA~FIESTA 2,24,실제
D20,67,엑스트리,ORIGINAL,FIESTA~FIESTA 2,43,실제
D20,68,데스티네이션,ORIGINAL,FIESTA~FIESTA 2,47,실제
D20,69,안녕 윌리엄,ORIGINAL,FIESTA~FIESTA 2,53,실제
D20,70,팬텀 -인터메조-,ORIGINAL,FIESTA~FIESTA 2,56,실제
D20,71,미션 파서블 -블로우 백-,ORIGINAL,FIESTA~FIESTA 2,57,실제
D20,72,테프리스,ORIGINAL,FIESTA~FIESTA 2,81,실제
D20,73,디제이 오타다,ORIGINAL,NX~NXA,5,실제
D20,74,펌트리스 꽈뜨로,ORIGINAL,NX~NXA,23,실제
D20,75,히글디 피글디,ORIGINAL,NX~NXA,25,실제
D20,76,위치 닥터 #1,ORIGINAL,NX~NXA,29,실제
D20,77,월광,ORIGINAL,1st~ZERO,6,실제
D20,78,팬텀,ORIGINAL,1st~ZERO,9,실제
D20,79,무혼 2,ORIGINAL,1st~ZERO,16,실제
D20,80,태동 2,ORIGINAL,1st~ZERO,23,실제
D20,81,비,ORIGINAL,1st~ZERO,29,실제
D20,82,비트 오브 더 워,ORIGINAL,1st~ZERO,32,실제
D20,83,닥터 엠,ORIGINAL,1st~ZERO,34,실제
D20,84,파이널 오디션 2,ORIGINAL,1st~ZERO,68,실제
D20,85,어바웃 더 유니버스,WORLDMUSIC,PHOENIX,82,실제
D20,86,카타스트로피,WORLDMUSIC,PHOENIX,87,실제
D20,87,휴먼 익스팅션 (PIU Edit.),WORLDMUSIC,PHOENIX,88,실제
D20,88,굿텍,WORLDMUSIC,PHOENIX,92,실제
D20,89,스테이저,WORLDMUSIC,PHOENIX,105,실제
D20,90,지젤,WORLDMUSIC,PHOENIX,110,실제
D20,91,할시온,WORLDMUSIC,PHOENIX,113,실제
D20,92,디스트로0ㅣ어,WORLDMUSIC,PHOENIX,114,실제
D20,93,빅 대디,WORLDMUSIC,PHOENIX,115,실제
D20,94,비코즈 오브 유,WORLDMUSIC,PHOENIX,118,실제
D20,95,브레이크 스루 마이셀프 feat. Risa Yuzuki,WORLDMUSIC,PHOENIX,121,실제
D20,96,트릭크래쉬 220,WORLDMUSIC,PHOENIX,125,실제
D20,97,익스트림 음악학원 1교시  feat. Nanahira,WORLDMUSIC,PHOENIX,126,실제
D20,98,페이브 가든,WORLDMUSIC,XX,66,실제
D20,99,인디스트럭터블,WORLDMUSIC,XX,70,실제
D20,100,크로스 소울,WORLDMUSIC,XX,72,실제
D20,101,브로큰 카르마 (PIU EDIT),WORLDMUSIC,XX,73,실제
D20,102,천년이 지나서,WORLDMUSIC,XX,74,실제
D20,103,포인트 제로 2,WORLDMUSIC,XX,81,실제
D20,104,브레인 파워,WORLDMUSIC,XX,82,실제
D20,105,크로스 레이 (feat. 月下Lia),WORLDMUSIC,XX,87,실제
D20,106,스텝,WORLDMUSIC,PRIME 2,41,실제
D20,107,꺼림칙한,WORLDMUSIC,PRIME 2,42,실제
D20,108,밀키 웨이 갤럭시,WORLDMUSIC,PRIME,55,실제
D20,109,배드 애플!! feat. Nomico,JMUSIC,PRIME,68,실제
D20,110,VVV,WORLDMUSIC,FIESTA~FIESTA 2,84,실제
D20,111,팝 더 트랙,WORLDMUSIC,FIESTA~FIESTA 2,85,실제
D20,112,가고일,WORLDMUSIC,FIESTA~FIESTA 2,100,실제
D20,113,드림체이서즈,XROSS,PHOENIX 2,24,실제
D20,114,슈퍼☆하라구로☆팝,XROSS,PHOENIX 2,25,실제
D20,115,헬리오스피어,XROSS,PHOENIX,131,실제
D20,116,싸이클링!,XROSS,XX,99,실제
D20,117,우라늄,XROSS,XX,100,실제
D20,118,로키,XROSS,XX,106,실제
D20,119,디멘트 ~에프터 레전드~,XROSS,XX,107,실제
D20,120,크로스 타임,XROSS,PRIME 2,48,실제
D20,121,유령의 축제 2 (Sneak),XROSS,PRIME 2,49,실제
D20,122,히페리온,XROSS,PRIME 2,51,실제
D20,123,BS파워 익스플로전,XROSS,PRIME 2,53,실제
D20,124,스타트 온 레드,XROSS,PRIME 2,54,실제
D20,125,타임 어택 <블루>,XROSS,PRIME 2,55,실제
D20,126,킵 온!,XROSS,PRIME 2,61,실제
D20,127,라 그랑 블루,XROSS,PRIME 2,63,실제
D20,128,베들램,XROSS,PRIME 2,66,실제
D20,129,어 사이트 데 라 루,XROSS,PRIME 2,67,실제
D20,130,클루,XROSS,PRIME 2,68,실제
D20,131,레드라인,XROSS,PRIME 2,69,실제
D21,2,노스텔지어,KPOP,PHOENIX,3,실제
D21,3,날아올라,KPOP,XX,4,실제
D21,4,또다른 진심,KPOP,1st~ZERO,4,실제
D21,5,B3,ORIGINAL,PHOENIX 2,12,실제
D21,6,디기탈리스,ORIGINAL,PHOENIX 2,13,실제
D21,7,더 라스트 리벨리온,ORIGINAL,PHOENIX 2,14,실제
D21,8,레전더리 도미니언,ORIGINAL,PHOENIX 2,16,실제
D21,9,얼티밋 아이즈,ORIGINAL,PHOENIX,10,실제
D21,10,냥-턴 (feat. KuTiNA),ORIGINAL,PHOENIX,11,실제
D21,11,쇼다운,ORIGINAL,PHOENIX,15,실제
D21,12,유포리아닉,ORIGINAL,PHOENIX,17,실제
D21,13,결투,ORIGINAL,PHOENIX,29,실제
D21,14,머독,ORIGINAL,PHOENIX,33,실제
D21,15,피가로의 결혼 ~Celebrazione Remix~,ORIGINAL,PHOENIX,38,실제
D21,16,블루이쉬 로즈,ORIGINAL,PHOENIX,40,실제
D21,17,네오 카타르시스,ORIGINAL,PHOENIX,44,실제
D21,18,열정,ORIGINAL,PHOENIX,45,실제
D21,19,큐리아서티 오버드라이브,ORIGINAL,PHOENIX,47,실제
D21,20,다크사이드 오브 더 마인드,ORIGINAL,PHOENIX,50,실제
D21,21,E.O.N,ORIGINAL,PHOENIX,51,실제
D21,22,서든 어페어런스 이미지,ORIGINAL,PHOENIX,55,실제
D21,23,에렌델,ORIGINAL,PHOENIX,60,실제
D21,24,힘 오브 골든 글로리,ORIGINAL,PHOENIX,61,실제
D21,25,머독 vs 오타다,ORIGINAL,PHOENIX,63,실제
D21,26,크림슨 후드,ORIGINAL,PHOENIX,66,실제
D21,27,디스트릭트 1,ORIGINAL,XX,15,실제
D21,28,립톤 스트라이크,ORIGINAL,XX,20,실제
D21,29,아이올라이트 스카이,ORIGINAL,XX,22,실제
D21,30,테일즈 오브 펌프니아,ORIGINAL,XX,32,실제
D21,31,오르비트 스테빌라이저,ORIGINAL,XX,34,실제
D21,32,위키드 레전드,ORIGINAL,XX,37,실제
D21,33,스타드림 (feat. Romelon),ORIGINAL,XX,39,실제
D21,34,파파시토 (feat. KuTiNA),ORIGINAL,XX,41,실제
D21,35,아마겟돈,ORIGINAL,XX,45,실제
D21,36,트로피카닉,ORIGINAL,XX,49,실제
D21,37,트리튬,ORIGINAL,PRIME 2,7,실제
D21,38,갓 모드 feat. skizzo,ORIGINAL,PRIME 2,9,실제
D21,39,브레이크 아웃,ORIGINAL,PRIME 2,15,실제
D21,40,사라반드,ORIGINAL,PRIME 2,16,실제
D21,41,우츠시요 노 카제 feat. Kana,ORIGINAL,PRIME 2,23,실제
D21,42,트위스트 오브 페이트 (feat. Ruriling),ORIGINAL,PRIME 2,25,실제
D21,43,업 앤 업 (Produced by AWAL),ORIGINAL,PRIME 2,27,실제
D21,44,트래블 투 퓨처,ORIGINAL,PRIME 2,28,실제
D21,45,레이브 언틸 디 어스 엔드,ORIGINAL,PRIME 2,29,실제
D21,46,하트 어택,ORIGINAL,PRIME 2,33,실제
D21,47,헤스티아,ORIGINAL,PRIME,15,실제
D21,48,암피트리온,ORIGINAL,PRIME,16,실제
D21,49,레드 스노우,ORIGINAL,PRIME,31,실제
D21,50,야근,ORIGINAL,FIESTA~FIESTA 2,38,실제
D21,51,팬텀 -인터메조-,ORIGINAL,FIESTA~FIESTA 2,56,실제
D21,52,미션 파서블 -블로우 백-,ORIGINAL,FIESTA~FIESTA 2,57,실제
D21,53,파이널 오디션 에피소드 2-X,ORIGINAL,NX~NXA,9,실제
D21,54,비트 더 고스트,ORIGINAL,NX~NXA,18,실제
D21,55,패스터 Z,ORIGINAL,NX~NXA,22,실제
D21,56,위치 닥터 #1,ORIGINAL,NX~NXA,29,실제
D21,57,두 유 노우 댓-올드 스쿨,ORIGINAL,NX~NXA,33,실제
D21,58,비트 오브 더 워 2,ORIGINAL,1st~ZERO,5,실제
D21,59,팬텀,ORIGINAL,1st~ZERO,9,실제
D21,60,하이 바이,ORIGINAL,1st~ZERO,15,실제
D21,61,무혼 2,ORIGINAL,1st~ZERO,16,실제
D21,62,블레이징,ORIGINAL,1st~ZERO,25,실제
D21,63,엑스트림,ORIGINAL,1st~ZERO,27,실제
D21,64,러브 이즈 어 데인저 존,ORIGINAL,1st~ZERO,37,실제
D21,65,탑 시티,ORIGINAL,1st~ZERO,43,실제
D21,66,윈터,ORIGINAL,1st~ZERO,44,실제
D21,67,윌 오 더 위스프,ORIGINAL,1st~ZERO,45,실제
D21,68,부크,ORIGINAL,1st~ZERO,52,실제
D21,69,터키 행진곡,ORIGINAL,1st~ZERO,70,실제
D21,70,크래쉬 랜딩 랑데부,WORLDMUSIC,PHOENIX 2,19,실제
D21,71,콰투오룩스,WORLDMUSIC,PHOENIX 2,20,실제
D21,72,퍼페츄얼,WORLDMUSIC,PHOENIX,83,실제
D21,73,댄싱,WORLDMUSIC,PHOENIX,84,실제
D21,74,갤럭시 컬랩스,WORLDMUSIC,PHOENIX,85,실제
D21,75,에너지 시너지 매트릭스,WORLDMUSIC,PHOENIX,94,실제
D21,76,굿바운스,WORLDMUSIC,PHOENIX,100,실제
D21,77,앨리스 인 미산트로프,WORLDMUSIC,PHOENIX,101,실제
D21,78,R.I.P.,WORLDMUSIC,PHOENIX,102,실제
D21,79,에모모모,WORLDMUSIC,PHOENIX,103,실제
D21,80,푸파,WORLDMUSIC,PHOENIX,104,실제
D21,81,마히카,WORLDMUSIC,PHOENIX,109,실제
D21,82,아라가미,WORLDMUSIC,PHOENIX,112,실제
D21,83,비옐라의 악몽,WORLDMUSIC,PHOENIX,122,실제
D21,84,쵸빗 플레이버,WORLDMUSIC,PHOENIX,123,실제
D21,85,얼라이브,WORLDMUSIC,PHOENIX,124,실제
D21,86,슬랩스틱 파르페,WORLDMUSIC,XX,65,실제
D21,87,크로싱 델타,WORLDMUSIC,XX,68,실제
D21,88,8 6,WORLDMUSIC,XX,71,실제
D21,89,프렌드,WORLDMUSIC,XX,76,실제
D21,90,컨플릭트,WORLDMUSIC,XX,77,실제
D21,91,데인저 & 데인저,WORLDMUSIC,XX,78,실제
D21,92,"팔랑크스 ""RS2018 edit""",WORLDMUSIC,XX,80,실제
D21,93,라이프 이즈 피아노,WORLDMUSIC,XX,83,실제
D21,94,글로리아,WORLDMUSIC,XX,84,실제
D21,95,폴른 엔젤,WORLDMUSIC,PRIME 2,44,실제
D21,96,셀피쉬니스,WORLDMUSIC,PRIME,51,실제
D21,97,돌리 키스,WORLDMUSIC,PRIME,53,실제
D21,98,필 마이 해피니스,WORLDMUSIC,PRIME,56,실제
D21,99,프라임,JMUSIC,PRIME,69,실제
D21,100,바로크 바이러스,WORLDMUSIC,FIESTA~FIESTA 2,87,실제
D21,101,엑스 레이브,WORLDMUSIC,FIESTA~FIESTA 2,102,실제
D21,102,이미지네이션,XROSS,XX,94,실제
D21,103,듀얼 레이싱 <레드 vs 블루>,XROSS,XX,98,실제
D21,104,일 더하기 일은 귀요미,XROSS,XX,103,실제
D21,105,헤드리스 치킨,XROSS,XX,104,실제
D21,106,오버 더 호라이즌,XROSS,XX,105,실제
D21,107,V3,XROSS,PRIME 2,47,실제
D21,108,매지컬 베케이션,XROSS,PRIME 2,56,실제
D21,109,슈퍼 스타일린,XROSS,PRIME 2,59,실제
D21,110,고딕 레조넌스,XROSS,PRIME 2,65,실제
D21,111,클루,XROSS,PRIME 2,68,실제
D22,3,고민중독,KPOP,PHOENIX 2,2,실제
D22,4,빌려온 고양이,KPOP,PHOENIX 2,3,실제
D22,6,조깅,KPOP,XX,1,실제
D22,7,굿 나이트,KPOP,PRIME 2,2,실제
D22,8,슬램,KPOP,1st~ZERO,3,실제
D22,9,응징 레스토랑,ORIGINAL,PHOENIX 2,9,실제
D22,10,블레이저,ORIGINAL,PHOENIX 2,11,실제
D22,11,ESP,ORIGINAL,PHOENIX,5,실제
D22,12,하이웨이 체이서,ORIGINAL,PHOENIX,6,실제
D22,13,붐!!,ORIGINAL,PHOENIX,16,실제
D22,14,할로윈 파티 ~Multiverse~,ORIGINAL,PHOENIX,18,실제
D22,15,플레이버 스텝!,ORIGINAL,PHOENIX,22,실제
D22,16,데드 엔드,ORIGINAL,PHOENIX,23,실제
D22,17,루시드 드림,ORIGINAL,PHOENIX,24,실제
D22,18,라크리모사,ORIGINAL,PHOENIX,31,실제
D22,19,리틀 먼치킨,ORIGINAL,PHOENIX,34,실제
D22,20,"사이먼 세이즈, 유로댄스!! (feat. Sara☆M)",ORIGINAL,PHOENIX,35,실제
D22,21,요! 세이!! 페어리!!!,ORIGINAL,PHOENIX,37,실제
D22,22,록시아,ORIGINAL,PHOENIX,41,실제
D22,23,카오스 어게인,ORIGINAL,PHOENIX,52,실제
D22,24,위더 가든,ORIGINAL,PHOENIX,64,실제
D22,25,스위트로닉,ORIGINAL,XX,9,실제
D22,26,1949,ORIGINAL,XX,12,실제
D22,27,야누스,ORIGINAL,XX,13,실제
D22,28,아이 원트 유,ORIGINAL,XX,14,실제
D22,29,텔링 포츈 플라워,ORIGINAL,XX,17,실제
D22,30,하트 래빗 코스터,ORIGINAL,XX,19,실제
D22,31,스켑틱,ORIGINAL,XX,21,실제
D22,32,아이올라이트 스카이,ORIGINAL,XX,22,실제
D22,33,까르멘 버스,ORIGINAL,XX,26,실제
D22,34,배니쉬,ORIGINAL,XX,31,실제
D22,35,김치 핑거즈,ORIGINAL,XX,33,실제
D22,36,파이어 오브 데스티니,ORIGINAL,XX,42,실제
D22,37,더 레버리,ORIGINAL,XX,47,실제
D22,38,갓 모드 2.0 feat. Skizzo,ORIGINAL,XX,64,실제
D22,39,퍼더,ORIGINAL,PRIME 2,11,실제
D22,40,다람쥐 헌 쳇바퀴에 타고파,ORIGINAL,PRIME 2,12,실제
D22,41,실버 비트 feat. ChisaUezono,ORIGINAL,PRIME 2,13,실제
D22,42,앵귀시드 언메이킹,ORIGINAL,PRIME 2,22,실제
D22,43,이스케이프,ORIGINAL,PRIME 2,31,실제
D22,44,슈퍼 판타지,ORIGINAL,PRIME,19,실제
D22,45,레드 스완,ORIGINAL,PRIME,21,실제
D22,46,1950,ORIGINAL,PRIME,24,실제
D22,47,포인트 제로 원,ORIGINAL,PRIME,30,실제
D22,48,레드 스노우,ORIGINAL,PRIME,31,실제
D22,49,브레이크 잇 다운,ORIGINAL,PRIME,37,실제
D22,50,힙노시스(SynthWulf 믹스),ORIGINAL,FIESTA~FIESTA 2,4,실제
D22,51,에프 에프 에프,ORIGINAL,FIESTA~FIESTA 2,5,실제
D22,52,인터퍼런스,ORIGINAL,FIESTA~FIESTA 2,22,실제
D22,53,헝가리 무곡 V,ORIGINAL,FIESTA~FIESTA 2,28,실제
D22,54,마왕,ORIGINAL,FIESTA~FIESTA 2,29,실제
D22,55,엑스트리,ORIGINAL,FIESTA~FIESTA 2,43,실제
D22,56,진공,ORIGINAL,FIESTA~FIESTA 2,48,실제
D22,57,아리랑,ORIGINAL,FIESTA~FIESTA 2,51,실제
D22,58,캐논 X.1,ORIGINAL,NX~NXA,2,실제
D22,59,디제이 오타다,ORIGINAL,NX~NXA,5,실제
D22,60,마이 드림즈,ORIGINAL,NX~NXA,7,실제
D22,61,카프리스 오브 오타다,ORIGINAL,NX~NXA,19,실제
D22,62,펌트리스 꽈뜨로,ORIGINAL,NX~NXA,23,실제
D22,63,키메라,ORIGINAL,NX~NXA,31,실제
D22,64,투우사의 노래,ORIGINAL,NX~NXA,35,실제
D22,65,파이널 오디션 에피소드 2-1,ORIGINAL,NX~NXA,37,실제
D22,66,월광,ORIGINAL,1st~ZERO,6,실제
D22,67,위치 닥터,ORIGINAL,1st~ZERO,7,실제
D22,68,하이 바이,ORIGINAL,1st~ZERO,15,실제
D22,69,펌프 미 아마데우스,ORIGINAL,1st~ZERO,26,실제
D22,70,겟 유어 그루브 온,ORIGINAL,1st~ZERO,36,실제
D22,71,마리아,ORIGINAL,1st~ZERO,38,실제
D22,72,윌 오 더 위스프,ORIGINAL,1st~ZERO,45,실제
D22,73,부크,ORIGINAL,1st~ZERO,52,실제
D22,74,우편마차,ORIGINAL,1st~ZERO,53,실제
D22,75,치킨 윙,ORIGINAL,1st~ZERO,54,실제
D22,76,라젠스키 캉캉,ORIGINAL,1st~ZERO,55,실제
D22,77,파이널 오디션 에피소드 1,ORIGINAL,1st~ZERO,56,실제
D22,78,롤링 크리스마스,ORIGINAL,1st~ZERO,60,실제
D22,79,베토벤 바이러스,ORIGINAL,1st~ZERO,62,실제
D22,80,미스터 라푸스,ORIGINAL,1st~ZERO,67,실제
D22,81,엑스트라바간자,ORIGINAL,1st~ZERO,80,실제
D22,82,나이트시어터,WORLDMUSIC,PHOENIX 2,21,실제
D22,83,인피니트 에너지 -Overdoze-,WORLDMUSIC,PHOENIX 2,22,실제
D22,84,댓 키티 (PIU Edit.),WORLDMUSIC,PHOENIX,89,실제
D22,85,언더월드 ft. Skizzo (PIU Edit.),WORLDMUSIC,PHOENIX,90,실제
D22,86,코스믹 레일로드,WORLDMUSIC,PHOENIX,93,실제
D22,87,밀크,WORLDMUSIC,PHOENIX,95,실제
D22,88,진폐증 ft. Kagamine Len/GUMI,WORLDMUSIC,PHOENIX,97,실제
D22,89,러쉬-아워,WORLDMUSIC,PHOENIX,107,실제
D22,90,* 이 게임은 존재하지 않습니다 *,WORLDMUSIC,PHOENIX,108,실제
D22,91,지젤,WORLDMUSIC,PHOENIX,110,실제
D22,92,스푸키 마카롱,WORLDMUSIC,PHOENIX,111,실제
D22,93,비코즈 오브 유,WORLDMUSIC,PHOENIX,118,실제
D22,94,팝핀 샤워,WORLDMUSIC,PHOENIX,120,실제
D22,95,배틀 넘버원,WORLDMUSIC,PHOENIX,128,실제
D22,96,솔저스 (TANO*C W TEAM RED ANTHEM),WORLDMUSIC,PHOENIX,129,실제
D22,97,호랑풍류가,WORLDMUSIC,PHOENIX,130,실제
D22,98,클럽 나이트,WORLDMUSIC,XX,69,실제
D22,99,인디스트럭터블,WORLDMUSIC,XX,70,실제
D22,100,니힐리즘 - 어나더 버전 -,WORLDMUSIC,XX,79,실제
D22,101,포인트 제로 2,WORLDMUSIC,XX,81,실제
D22,102,Re : 엔드 오브 어 드림,WORLDMUSIC,XX,86,실제
D22,103,시간의 회랑 라비린스,WORLDMUSIC,XX,93,실제
D22,104,락 더 하우스,WORLDMUSIC,PRIME,49,실제
D22,105,더 레볼루션,WORLDMUSIC,PRIME,50,실제
D22,106,까랴위사따,WORLDMUSIC,PRIME,59,실제
D22,107,임프린팅,JMUSIC,PRIME,64,실제
D22,108,저스트 홀드 온 (To All Fighters),JMUSIC,PRIME,72,실제
D22,109,드림 투 나이트메어,WORLDMUSIC,FIESTA~FIESTA 2,83,실제
D22,110,파사칼리아,WORLDMUSIC,FIESTA~FIESTA 2,86,실제
D22,111,하드코어 오브 더 노스,WORLDMUSIC,FIESTA~FIESTA 2,94,실제
D22,112,유토피아,WORLDMUSIC,FIESTA~FIESTA 2,96,실제
D22,113,스타 커맨드,WORLDMUSIC,FIESTA~FIESTA 2,98,실제
D22,114,드림체이서즈,XROSS,PHOENIX 2,24,실제
D22,115,슈퍼☆하라구로☆팝,XROSS,PHOENIX 2,25,실제
D22,116,블랙스완,XROSS,XX,95,실제
D22,117,레이지 오브 파이어,XROSS,XX,97,실제
D22,118,제로아이즈,XROSS,XX,101,실제
D22,119,크로스 타임,XROSS,PRIME 2,48,실제
D22,120,사월,XROSS,PRIME 2,58,실제
D22,121,킵 온!,XROSS,PRIME 2,61,실제
D22,122,아스테리오스 -리엔트리-,XROSS,PRIME 2,62,실제
D22,123,레드라인,XROSS,PRIME 2,69,실제
D22,124,도나텔로,XROSS,PRIME 2,71,실제
D23,2,뱅 뱅,KPOP,PHOENIX 2,4,실제
D23,3,404 (뉴 에라),KPOP,PHOENIX 2,5,실제
D23,5,체이스 미,KPOP,PRIME 2,1,실제
D23,6,엔조이 더 쇼,ORIGINAL,PHOENIX 2,8,실제
D23,8,더 라스트 리벨리온,ORIGINAL,PHOENIX 2,14,실제
D23,9,사월의 축제,ORIGINAL,PHOENIX,4,실제
D23,10,이터널 유니버스,ORIGINAL,PHOENIX,7,실제
D23,11,번 아웃,ORIGINAL,PHOENIX,8,실제
D23,12,베르사이유,ORIGINAL,PHOENIX,13,실제
D23,13,유포리아닉,ORIGINAL,PHOENIX,17,실제
D23,14,할로윈 파티 ~Multiverse~,ORIGINAL,PHOENIX,18,실제
D23,15,쥬핀,ORIGINAL,PHOENIX,19,실제
D23,16,그로스,ORIGINAL,PHOENIX,20,실제
D23,17,꼭두각시,ORIGINAL,PHOENIX,21,실제
D23,18,시,ORIGINAL,PHOENIX,25,실제
D23,19,스타드림 -Eurobeat Remix-,ORIGINAL,PHOENIX,27,실제
D23,20,솔페지에토,ORIGINAL,PHOENIX,32,실제
D23,21,데몬 오브 라플라스,ORIGINAL,PHOENIX,39,실제
D23,22,임페리움,ORIGINAL,PHOENIX,43,실제
D23,23,메가하츠,ORIGINAL,PHOENIX,49,실제
D23,24,솔브 마이 허트,ORIGINAL,PHOENIX,53,실제
D23,25,글리머 글림,ORIGINAL,PHOENIX,54,실제
D23,26,서든 어페어런스 이미지,ORIGINAL,PHOENIX,55,실제
D23,27,데카 댄스,ORIGINAL,PHOENIX,56,실제
D23,28,뉴 로즈,ORIGINAL,PHOENIX,57,실제
D23,29,인베이젼,ORIGINAL,PHOENIX,59,실제
D23,30,힘 오브 골든 글로리,ORIGINAL,PHOENIX,61,실제
D23,31,아테나의 방패,ORIGINAL,PHOENIX,62,실제
D23,32,이매저너라이즈드 시티,ORIGINAL,PHOENIX,65,실제
D23,33,웨딩 크래셔,ORIGINAL,XX,8,실제
D23,34,니알라토텝,ORIGINAL,XX,18,실제
D23,35,립톤 스트라이크,ORIGINAL,XX,20,실제
D23,36,라 그랑드 루즈,ORIGINAL,XX,25,실제
D23,37,포세이돈,ORIGINAL,XX,29,실제
D23,38,아드레날린 블래스터,ORIGINAL,XX,30,실제
D23,39,오르비트 스테빌라이저,ORIGINAL,XX,34,실제
D23,40,파괴,ORIGINAL,XX,35,실제
D23,41,클레마티스 랩소디아,ORIGINAL,XX,36,실제
D23,42,캉-캉 ~Orpheus in The Party Mix~,ORIGINAL,XX,40,실제
D23,43,디 엔드 오브 더 월드 ft. Skizzo,ORIGINAL,XX,43,실제
D23,44,리펜턴스,ORIGINAL,XX,46,실제
D23,45,시그너스,ORIGINAL,XX,48,실제
D23,46,슈퍼 카프리시오,ORIGINAL,PRIME 2,5,실제
D23,47,헬파이어,ORIGINAL,PRIME 2,6,실제
D23,48,크로스 오버 feat. LyuU,ORIGINAL,PRIME 2,8,실제
D23,49,트래블 투 퓨처,ORIGINAL,PRIME 2,28,실제
D23,50,레퀴엠,ORIGINAL,PRIME,10,실제
D23,51,리키지 볼티지,ORIGINAL,PRIME,17,실제
D23,52,스콜피온 킹,ORIGINAL,PRIME,29,실제
D23,53,모멘트 데이,ORIGINAL,PRIME,36,실제
D23,54,엘리제,ORIGINAL,FIESTA~FIESTA 2,1,실제
D23,55,러브 이즈 어 데인저 존(Cranky 믹스),ORIGINAL,FIESTA~FIESTA 2,3,실제
D23,56,유니크,ORIGINAL,FIESTA~FIESTA 2,6,실제
D23,57,윈드밀,ORIGINAL,FIESTA~FIESTA 2,12,실제
D23,58,멘탈 라이더,ORIGINAL,FIESTA~FIESTA 2,15,실제
D23,59,테이크 아웃,ORIGINAL,FIESTA~FIESTA 2,24,실제
D23,60,파반느,ORIGINAL,FIESTA~FIESTA 2,39,실제
D23,61,잣,ORIGINAL,FIESTA~FIESTA 2,40,실제
D23,62,네이팜,ORIGINAL,FIESTA~FIESTA 2,82,실제
D23,63,패스터 Z,ORIGINAL,NX~NXA,22,실제
D23,64,파이널 오디션 에피소드 2-1,ORIGINAL,NX~NXA,37,실제
D23,65,파이널 오디션 에피소드 2-2,ORIGINAL,NX~NXA,38,실제
D23,66,위치 닥터,ORIGINAL,1st~ZERO,7,실제
D23,67,캐논 디,ORIGINAL,1st~ZERO,17,실제
D23,68,겟 업!,ORIGINAL,1st~ZERO,28,실제
D23,69,비,ORIGINAL,1st~ZERO,29,실제
D23,70,포인트 브레이크,ORIGINAL,1st~ZERO,41,실제
D23,71,파이널 오디션 에피소드 1,ORIGINAL,1st~ZERO,56,실제
D23,72,바이너리 스타,WORLDMUSIC,PHOENIX,81,실제
D23,73,프렉쳐 텀퍼렐르,WORLDMUSIC,PHOENIX,86,실제
D23,74,카타스트로피,WORLDMUSIC,PHOENIX,87,실제
D23,75,휴먼 익스팅션 (PIU Edit.),WORLDMUSIC,PHOENIX,88,실제
D23,76,어콰이어,WORLDMUSIC,PHOENIX,96,실제
D23,77,알테일,WORLDMUSIC,PHOENIX,98,실제
D23,78,푸파,WORLDMUSIC,PHOENIX,104,실제
D23,79,러쉬-모어,WORLDMUSIC,PHOENIX,106,실제
D23,80,빅 대디,WORLDMUSIC,PHOENIX,115,실제
D23,81,플래시 아웃,WORLDMUSIC,PHOENIX,116,실제
D23,82,오딘,WORLDMUSIC,PHOENIX,117,실제
D23,83,†도프†센시†,WORLDMUSIC,PHOENIX,119,실제
D23,84,브레이크 스루 마이셀프 feat. Risa Yuzuki,WORLDMUSIC,PHOENIX,121,실제
D23,85,트릭크래쉬 220,WORLDMUSIC,PHOENIX,125,실제
D23,86,익스트림 음악학원 1교시  feat. Nanahira,WORLDMUSIC,PHOENIX,126,실제
D23,87,슬랩스틱 파르페,WORLDMUSIC,XX,65,실제
D23,88,팝 시퀀스,WORLDMUSIC,XX,67,실제
D23,89,브로큰 카르마 (PIU EDIT),WORLDMUSIC,XX,73,실제
D23,90,천년이 지나서,WORLDMUSIC,XX,74,실제
D23,91,데인저 & 데인저,WORLDMUSIC,XX,78,실제
D23,92,마타도르,WORLDMUSIC,PRIME,54,실제
D23,93,비디오 아웃 씨,WORLDMUSIC,PRIME,60,실제
D23,94,스타더스트 오버드라이브,WORLDMUSIC,PRIME,61,실제
D23,95,드림 투 나이트메어,WORLDMUSIC,FIESTA~FIESTA 2,83,실제
D23,96,파사칼리아,WORLDMUSIC,FIESTA~FIESTA 2,86,실제
D23,97,모노리스,WORLDMUSIC,FIESTA~FIESTA 2,91,실제
D23,98,스타 커맨드,WORLDMUSIC,FIESTA~FIESTA 2,98,실제
D23,99,왓 해픈드,WORLDMUSIC,FIESTA~FIESTA 2,99,실제
D23,100,가고일,WORLDMUSIC,FIESTA~FIESTA 2,100,실제
D23,101,네크로맨시,WORLDMUSIC,FIESTA~FIESTA 2,104,실제
D23,102,헬리오스피어,XROSS,PHOENIX,131,실제
D23,103,스위트 원더랜드,XROSS,PHOENIX,132,실제
D23,104,유어 마인드,XROSS,XX,109,실제
D23,105,헬릭스,XROSS,PRIME 2,50,실제
D23,106,블랙 드래곤,XROSS,PRIME 2,52,실제
D23,107,BS파워 익스플로전,XROSS,PRIME 2,53,실제
D23,108,인피니티,XROSS,PRIME 2,64,실제
D24,2,고민중독,KPOP,PHOENIX 2,2,실제
D24,3,풀 문,KPOP,XX,2,실제
D24,4,굿 나이트,KPOP,PRIME 2,2,실제
D24,5,슬램,KPOP,1st~ZERO,3,실제
D24,6,블레이저,ORIGINAL,PHOENIX 2,11,실제
D24,7,디기탈리스,ORIGINAL,PHOENIX 2,13,실제
D24,8,오버나이트 플라워,ORIGINAL,PHOENIX 2,15,실제
D24,10,ESP,ORIGINAL,PHOENIX,5,실제
D24,11,4NT,ORIGINAL,PHOENIX,9,실제
D24,12,얼티밋 아이즈,ORIGINAL,PHOENIX,10,실제
D24,13,벡터,ORIGINAL,PHOENIX,12,실제
D24,14,더 아포칼립스,ORIGINAL,PHOENIX,14,실제
D24,15,1948,ORIGINAL,PHOENIX,28,실제
D24,16,결투,ORIGINAL,PHOENIX,29,실제
D24,17,배니쉬 2 - Roar of the invisible dragon,ORIGINAL,PHOENIX,30,실제
D24,18,머독,ORIGINAL,PHOENIX,33,실제
D24,19,바버스 매드니스,ORIGINAL,PHOENIX,36,실제
D24,20,프ㄹi마 마테ㄹi아,ORIGINAL,PHOENIX,42,실제
D24,21,초악마황제,ORIGINAL,PHOENIX,46,실제
D24,22,큐리아서티 오버드라이브,ORIGINAL,PHOENIX,47,실제
D24,23,소닉 붐,ORIGINAL,PHOENIX,48,실제
D24,24,E.O.N,ORIGINAL,PHOENIX,51,실제
D24,25,카오스 어게인,ORIGINAL,PHOENIX,52,실제
D24,26,헤라클레스,ORIGINAL,PHOENIX,58,실제
D24,27,에렌델,ORIGINAL,PHOENIX,60,실제
D24,28,머독 vs 오타다,ORIGINAL,PHOENIX,63,실제
D24,29,크림슨 후드,ORIGINAL,PHOENIX,66,실제
D24,30,도플갱어,ORIGINAL,PHOENIX,67,실제
D24,31,아이올라이트 스카이,ORIGINAL,XX,22,실제
D24,32,금혼식,ORIGINAL,XX,24,실제
D24,33,배니쉬,ORIGINAL,XX,31,실제
D24,34,탄탄멘,ORIGINAL,XX,38,실제
D24,35,아마겟돈,ORIGINAL,XX,45,실제
D24,36,슈브 니구라스,ORIGINAL,PRIME 2,10,실제
D24,37,다람쥐 헌 쳇바퀴에 타고파,ORIGINAL,PRIME 2,12,실제
D24,38,사라반드,ORIGINAL,PRIME 2,16,실제
D24,39,가장신자,ORIGINAL,PRIME 2,17,실제
D24,40,HTTP,ORIGINAL,PRIME 2,26,실제
D24,41,어웨이크닝,ORIGINAL,PRIME 2,30,실제
D24,42,캇코이,ORIGINAL,PRIME,2,실제
D24,43,요그 소토스,ORIGINAL,PRIME,5,실제
D24,44,히아신스,ORIGINAL,PRIME,22,실제
D24,45,어나이얼레이터 메소드,ORIGINAL,PRIME,27,실제
D24,46,로봇 배틀,ORIGINAL,PRIME,34,실제
D24,47,이그니스 패터스(DM Ashura 믹스),ORIGINAL,FIESTA~FIESTA 2,2,실제
D24,48,에프 에프 에프,ORIGINAL,FIESTA~FIESTA 2,5,실제
D24,49,루시드(PIU Edit),ORIGINAL,FIESTA~FIESTA 2,10,실제
D24,50,멘탈 라이더,ORIGINAL,FIESTA~FIESTA 2,15,실제
D24,51,테이크 아웃,ORIGINAL,FIESTA~FIESTA 2,24,실제
D24,52,소서리스 엘리제,ORIGINAL,FIESTA~FIESTA 2,44,실제
D24,53,파이널 오디션 에피소드 2-X,ORIGINAL,NX~NXA,9,실제
D24,54,건락,ORIGINAL,NX~NXA,34,실제
D24,55,파이널 오디션 에피소드 2-2,ORIGINAL,NX~NXA,38,실제
D24,56,러브 이즈 어 데인저 존 pt.2,ORIGINAL,1st~ZERO,8,실제
D24,57,파파 곤잘레스,ORIGINAL,1st~ZERO,10,실제
D24,58,펌프 미 아마데우스,ORIGINAL,1st~ZERO,26,실제
D24,59,비,ORIGINAL,1st~ZERO,29,실제
D24,60,비트 오브 더 워,ORIGINAL,1st~ZERO,32,실제
D24,61,베토벤 바이러스,ORIGINAL,1st~ZERO,62,실제
D24,62,미스터 라푸스,ORIGINAL,1st~ZERO,67,실제
D24,63,그녀는 피자를 좋아해,ORIGINAL,1st~ZERO,77,실제
D24,64,크래쉬 랜딩 랑데부,WORLDMUSIC,PHOENIX 2,19,실제
D24,65,콰투오룩스,WORLDMUSIC,PHOENIX 2,20,실제
D24,66,프리덤 다이브,WORLDMUSIC,PHOENIX 2,23,실제
D24,67,어바웃 더 유니버스,WORLDMUSIC,PHOENIX,82,실제
D24,68,퍼페츄얼,WORLDMUSIC,PHOENIX,83,실제
D24,69,댄싱,WORLDMUSIC,PHOENIX,84,실제
D24,70,댓 키티 (PIU Edit.),WORLDMUSIC,PHOENIX,89,실제
D24,71,네이드 네이드,WORLDMUSIC,PHOENIX,91,실제
D24,72,굿텍,WORLDMUSIC,PHOENIX,92,실제
D24,73,이렐리아,WORLDMUSIC,PHOENIX,99,실제
D24,74,앨리스 인 미산트로프,WORLDMUSIC,PHOENIX,101,실제
D24,75,R.I.P.,WORLDMUSIC,PHOENIX,102,실제
D24,76,러쉬-아워,WORLDMUSIC,PHOENIX,107,실제
D24,77,* 이 게임은 존재하지 않습니다 *,WORLDMUSIC,PHOENIX,108,실제
D24,78,마히카,WORLDMUSIC,PHOENIX,109,실제
D24,79,지젤,WORLDMUSIC,PHOENIX,110,실제
D24,80,아라가미,WORLDMUSIC,PHOENIX,112,실제
D24,81,할시온,WORLDMUSIC,PHOENIX,113,실제
D24,82,디스트로0ㅣ어,WORLDMUSIC,PHOENIX,114,실제
D24,83,쵸빗 플레이버,WORLDMUSIC,PHOENIX,123,실제
D24,84,얼라이브,WORLDMUSIC,PHOENIX,124,실제
D24,85,익스트림 음악학원 2교시  feat. Nanahira,WORLDMUSIC,PHOENIX,127,실제
D24,86,배틀 넘버원,WORLDMUSIC,PHOENIX,128,실제
D24,87,호랑풍류가,WORLDMUSIC,PHOENIX,130,실제
D24,88,페이브 가든,WORLDMUSIC,XX,66,실제
D24,89,크로싱 델타,WORLDMUSIC,XX,68,실제
D24,90,클럽 나이트,WORLDMUSIC,XX,69,실제
D24,91,크로스 소울,WORLDMUSIC,XX,72,실제
D24,92,"팔랑크스 ""RS2018 edit""",WORLDMUSIC,XX,80,실제
D24,93,브레인 파워,WORLDMUSIC,XX,82,실제
D24,94,모페모페,WORLDMUSIC,XX,85,실제
D24,95,크로스 레이 (feat. 月下Lia),WORLDMUSIC,XX,87,실제
D24,96,아클루오이아스,WORLDMUSIC,PRIME,58,실제
D24,97,요로피쿠 피쿠요로!,JMUSIC,PRIME,63,실제
D24,98,임프린팅,JMUSIC,PRIME,64,실제
D24,99,알레그로 콘 뿌오코,WORLDMUSIC,FIESTA~FIESTA 2,101,실제
D24,100,슈퍼☆하라구로☆팝,XROSS,PHOENIX 2,25,실제
D24,101,디멘트 ~에프터 레전드~,XROSS,XX,107,실제
D24,102,V3,XROSS,PRIME 2,47,실제
D24,103,베들램,XROSS,PRIME 2,66,실제
D24,104,어 사이트 데 라 루,XROSS,PRIME 2,67,실제
D25,3,유 앤 아이,KPOP,XX,5,실제
D25,4,디그니티,KPOP,1st~ZERO,2,실제
D25,5,엔조이 더 쇼,ORIGINAL,PHOENIX 2,8,실제
D25,7,더 라스트 리벨리온,ORIGINAL,PHOENIX 2,14,실제
D25,8,레전더리 도미니언,ORIGINAL,PHOENIX 2,16,실제
D25,10,이터널 유니버스,ORIGINAL,PHOENIX,7,실제
D25,11,쥬핀,ORIGINAL,PHOENIX,19,실제
D25,12,그로스,ORIGINAL,PHOENIX,20,실제
D25,13,꼭두각시,ORIGINAL,PHOENIX,21,실제
D25,14,추격,ORIGINAL,PHOENIX,26,실제
D25,15,솔페지에토,ORIGINAL,PHOENIX,32,실제
D25,16,임페리움,ORIGINAL,PHOENIX,43,실제
D25,17,네오 카타르시스,ORIGINAL,PHOENIX,44,실제
D25,18,열정,ORIGINAL,PHOENIX,45,실제
D25,19,소닉 붐,ORIGINAL,PHOENIX,48,실제
D25,20,메가하츠,ORIGINAL,PHOENIX,49,실제
D25,21,다크사이드 오브 더 마인드,ORIGINAL,PHOENIX,50,실제
D25,22,인베이젼,ORIGINAL,PHOENIX,59,실제
D25,23,힘 오브 골든 글로리,ORIGINAL,PHOENIX,61,실제
D25,24,머독 vs 오타다,ORIGINAL,PHOENIX,63,실제
D25,25,니알라토텝,ORIGINAL,XX,18,실제
D25,26,하트 래빗 코스터,ORIGINAL,XX,19,실제
D25,27,스켑틱,ORIGINAL,XX,21,실제
D25,28,퍼더,ORIGINAL,PRIME 2,11,실제
D25,29,요그 소토스,ORIGINAL,PRIME,5,실제
D25,30,아발란치,ORIGINAL,PRIME,8,실제
D25,31,1950,ORIGINAL,PRIME,24,실제
D25,32,이그니스 패터스(DM Ashura 믹스),ORIGINAL,FIESTA~FIESTA 2,2,실제
D25,33,클리너,ORIGINAL,FIESTA~FIESTA 2,21,실제
D25,34,진공,ORIGINAL,FIESTA~FIESTA 2,48,실제
D25,35,월광,ORIGINAL,1st~ZERO,6,실제
D25,36,윌 오 더 위스프,ORIGINAL,1st~ZERO,45,실제
D25,37,인피니트 에너지 -Overdoze-,WORLDMUSIC,PHOENIX 2,22,실제
D25,38,갤럭시 컬랩스,WORLDMUSIC,PHOENIX,85,실제
D25,39,휴먼 익스팅션 (PIU Edit.),WORLDMUSIC,PHOENIX,88,실제
D25,40,언더월드 ft. Skizzo (PIU Edit.),WORLDMUSIC,PHOENIX,90,실제
D25,41,푸파,WORLDMUSIC,PHOENIX,104,실제
D25,42,스푸키 마카롱,WORLDMUSIC,PHOENIX,111,실제
D25,43,오딘,WORLDMUSIC,PHOENIX,117,실제
D25,44,†도프†센시†,WORLDMUSIC,PHOENIX,119,실제
D25,45,브레이크 스루 마이셀프 feat. Risa Yuzuki,WORLDMUSIC,PHOENIX,121,실제
D25,46,비옐라의 악몽,WORLDMUSIC,PHOENIX,122,실제
D25,47,트릭크래쉬 220,WORLDMUSIC,PHOENIX,125,실제
D25,48,익스트림 음악학원 1교시  feat. Nanahira,WORLDMUSIC,PHOENIX,126,실제
D25,49,인디스트럭터블,WORLDMUSIC,XX,70,실제
D25,50,프렌드,WORLDMUSIC,XX,76,실제
D25,51,컨플릭트,WORLDMUSIC,XX,77,실제
D25,52,글로리아,WORLDMUSIC,XX,84,실제
D25,53,Re : 엔드 오브 어 드림,WORLDMUSIC,XX,86,실제
D25,54,얼티메이텀,WORLDMUSIC,XX,92,실제
D25,55,저스트 홀드 온 (To All Fighters),JMUSIC,PRIME,72,실제
D25,56,파사칼리아,WORLDMUSIC,FIESTA~FIESTA 2,86,실제
D25,57,헬리오스피어,XROSS,PHOENIX,131,실제
D25,58,우라늄,XROSS,XX,100,실제
D25,59,제로아이즈,XROSS,XX,101,실제
D26,2,디그니티,KPOP,1st~ZERO,2,실제
D26,3,오버나이트 플라워,ORIGINAL,PHOENIX 2,15,실제
D26,4,데드 엔드,ORIGINAL,PHOENIX,23,실제
D26,5,프ㄹi마 마테ㄹi아,ORIGINAL,PHOENIX,42,실제
D26,6,초악마황제,ORIGINAL,PHOENIX,46,실제
D26,7,카오스 어게인,ORIGINAL,PHOENIX,52,실제
D26,8,헤라클레스,ORIGINAL,PHOENIX,58,실제
D26,9,크림슨 후드,ORIGINAL,PHOENIX,66,실제
D26,10,도플갱어,ORIGINAL,PHOENIX,67,실제
D26,11,1949,ORIGINAL,XX,12,실제
D26,12,텔링 포츈 플라워,ORIGINAL,XX,17,실제
D26,13,리펜턴스,ORIGINAL,XX,46,실제
D26,14,슈브 니구라스,ORIGINAL,PRIME 2,10,실제
D26,15,이스케이프,ORIGINAL,PRIME 2,31,실제
D26,16,클리너,ORIGINAL,FIESTA~FIESTA 2,21,실제
D26,17,키메라,ORIGINAL,NX~NXA,31,실제
D26,18,콰투오룩스,WORLDMUSIC,PHOENIX 2,20,실제
D26,19,프렉쳐 텀퍼렐르,WORLDMUSIC,PHOENIX,86,실제
D26,20,카타스트로피,WORLDMUSIC,PHOENIX,87,실제
D26,21,이렐리아,WORLDMUSIC,PHOENIX,99,실제
D26,22,* 이 게임은 존재하지 않습니다 *,WORLDMUSIC,PHOENIX,108,실제
D26,23,아라가미,WORLDMUSIC,PHOENIX,112,실제
D26,24,익스트림 음악학원 2교시  feat. Nanahira,WORLDMUSIC,PHOENIX,127,실제
D26,25,컨플릭트,WORLDMUSIC,XX,77,실제
D26,26,모페모페,WORLDMUSIC,XX,85,실제
D26,27,시간의 회랑 라비린스,WORLDMUSIC,XX,93,실제
D26,28,아클루오이아스,WORLDMUSIC,PRIME,58,실제
D26,29,디멘트 ~에프터 레전드~,XROSS,XX,107,실제
D27,2,레전더리 도미니언,ORIGINAL,PHOENIX 2,16,실제
D27,4,꼭두각시,ORIGINAL,PHOENIX,21,실제
D27,5,데드 엔드,ORIGINAL,PHOENIX,23,실제
D27,6,1948,ORIGINAL,PHOENIX,28,실제
D27,7,네오 카타르시스,ORIGINAL,PHOENIX,44,실제
D27,8,열정,ORIGINAL,PHOENIX,45,실제
D27,9,1949,ORIGINAL,XX,12,실제
D27,10,1950,ORIGINAL,PRIME,24,실제
D27,11,프리덤 다이브,WORLDMUSIC,PHOENIX 2,23,실제
D27,12,얼티메이텀,WORLDMUSIC,XX,92,실제
S15,2,더 스트레인저,KPOP,PHOENIX 2,1,추정
S18,2,더 스트레인저,KPOP,PHOENIX 2,1,추정
S20,2,더 스트레인저,KPOP,PHOENIX 2,1,추정
S22,2,더 스트레인저,KPOP,PHOENIX 2,1,추정
D10,2,더 스트레인저,KPOP,PHOENIX 2,1,추정
D16,2,더 스트레인저,KPOP,PHOENIX 2,1,추정
D19,2,더 스트레인저,KPOP,PHOENIX 2,1,추정
D22,2,더 스트레인저,KPOP,PHOENIX 2,1,추정
D25,2,더 스트레인저,KPOP,PHOENIX 2,1,추정
S14,3,콜 미 백,KPOP,PHOENIX 2,6,추정
S16,4,콜 미 백,KPOP,PHOENIX 2,6,추정
S20,5,콜 미 백,KPOP,PHOENIX 2,6,추정
D15,2,콜 미 백,KPOP,PHOENIX 2,6,추정
D18,5,콜 미 백,KPOP,PHOENIX 2,6,추정
D22,5,콜 미 백,KPOP,PHOENIX 2,6,추정
S15,4,다이 어나더 데이,KPOP,PHOENIX 2,7,추정
S17,4,다이 어나더 데이,KPOP,PHOENIX 2,7,추정
S20,6,다이 어나더 데이,KPOP,PHOENIX 2,7,추정
D11,2,다이 어나더 데이,KPOP,PHOENIX 2,7,추정
D16,4,다이 어나더 데이,KPOP,PHOENIX 2,7,추정
D19,3,다이 어나더 데이,KPOP,PHOENIX 2,7,추정
D23,4,다이 어나더 데이,KPOP,PHOENIX 2,7,추정
S11,3,유령혈차,ORIGINAL,PHOENIX 2,10,추정
S15,5,유령혈차,ORIGINAL,PHOENIX 2,10,추정
S18,10,유령혈차,ORIGINAL,PHOENIX 2,10,추정
S21,9,유령혈차,ORIGINAL,PHOENIX 2,10,추정
S23,4,유령혈차,ORIGINAL,PHOENIX 2,10,추정
D17,3,유령혈차,ORIGINAL,PHOENIX 2,10,추정
D20,4,유령혈차,ORIGINAL,PHOENIX 2,10,추정
D23,7,유령혈차,ORIGINAL,PHOENIX 2,10,추정
D25,6,유령혈차,ORIGINAL,PHOENIX 2,10,추정
S12,3,L (PIU Edit),ORIGINAL,PHOENIX 2,17,추정
S18,14,L (PIU Edit),ORIGINAL,PHOENIX 2,17,추정
S22,8,L (PIU Edit),ORIGINAL,PHOENIX 2,17,추정
S24,3,L (PIU Edit),ORIGINAL,PHOENIX 2,17,추정
D19,11,L (PIU Edit),ORIGINAL,PHOENIX 2,17,추정
D24,9,L (PIU Edit),ORIGINAL,PHOENIX 2,17,추정
D27,3,L (PIU Edit),ORIGINAL,PHOENIX 2,17,추정
S11,7,베이스라인 하고있니? ㅎ,WORLDMUSIC,PHOENIX 2,18,추정
S17,13,베이스라인 하고있니? ㅎ,WORLDMUSIC,PHOENIX 2,18,추정
S19,5,베이스라인 하고있니? ㅎ,WORLDMUSIC,PHOENIX 2,18,추정
S22,9,베이스라인 하고있니? ㅎ,WORLDMUSIC,PHOENIX 2,18,추정
D11,3,베이스라인 하고있니? ㅎ,WORLDMUSIC,PHOENIX 2,18,추정
D20,9,베이스라인 하고있니? ㅎ,WORLDMUSIC,PHOENIX 2,18,추정
D25,9,베이스라인 하고있니? ㅎ,WORLDMUSIC,PHOENIX 2,18,추정
